Time,Die Zeit,Die Zeiten
Man,Der Mann,Die M�nner
Hand,Die Hand,Die H�nde
Day,Der Tag,Die Tagen
Way,Der Weg,Die Wege
Eye,Das Auge,Die Augen
Thing,Das Ding,Die Dinge
Head,Der Kopf,Die K�pfe
Year,Das Jahr,Die Jahre
Room,Die Raum,Die R�ume
Door,Die T�r,Die T�ren
Woman,Die Frau,Die Frauen
Face,Das Gesicht,Die Gesichter
Mother,Die Mutter,Die M�tter
People,Das Volk,Die V�lker
Night,Die Nacht,Die N�chte
House,Das Haus,Die H�user
Father,Der Vater,Die V�ter
Life,Das Leben,Die Leben
Back,Der R�cken,Die R�cken
Voice,Die Stimme,Die Stimmen
Girl,Das M�dchen,Die M�dchen
Place,Der Ort,Die Orte
Boy,Der Junge,Die Jungen
Car,Das Auto,Die Autos
Side,Die Seite,Die Seiten
Arm,Der Arm,Die Arme
Child,Das Kind,Die Kinder
Word,Das Wort,Die Worte
Moment,Der Moment,Die Momente
Hair,Das Haar,Die Haare
Foot,Der Fu�,Die F��e
Water,Das Wasser,Die Wasser
Light,Das Licht,Die Lichter
World,Die Welt,Die Welt
Name,Der Name,Die Namen
Friend,Der Freund,Die Freunde
Window,Das Fenster,Die Fenster
Body,Der K�rper,Die K�rper
Table,Der Tisch,Die Tabellen
Morning,Der Morgen,Die Morgen
Bed,Das Bett,Die Betten
Wall,Die Mauer,Die W�nde
Street,Die Stra�e,Die Stra�en
School,Die Schule,Die Schulen
Air,Die Luft,Die L�fte
Floor,Der Boden,Die B�den
Hour,Die Stunde,Die Stunden
End,Das Ende,Die Enden
Family,Die Familie,Die Familien
Guy,Der Kerl,Die Kerle
Kind,Die Art,Die Arten
Minute,Die Minute,Die Minuten
Story,Die Geschichte,Die Geschichten
God,Der Gott,Die G�tter
Week,Die Woche,Die Wochen
Work,Die Arbeit,Die Werke
Shoulder,Die Schulter,Die Schultern
Part,Der Teil,Die Teile
Mind,Der Geist,Die Gem�ter
Book,Das Buch,Die B�cher
Finger,Der Finger,Die Finger
Mouth,Der Mund,Die M�ndungen
Kid,Das Kind,Die Kinder
Glass,Das Glas,Die Brille
Tree,Der Baum,Die B�ume
Sound,Der Klang,Die Ger�usche
Line,Die Linie,Die Linien
Wife,Die Ehefrau,Die Ehefrauen
Heart,Das Herz,Die Herzen
Money,Das Geld,Die Gelder
Phone,Das Telefon,Die Telefone
Look,Das Aussehen,Die Blicke
Leg,Das Bein,Die Beine
Chair,Der Stuhl,Die St�hle
Office,Das B�ro,Die B�ros
Brother,Der Bruder,Die Br�der
Question,Die Frage,Die Fragen
City,Die Stadt,Die St�dte
Month,Der Monat,Die Monate
Baby,Das Baby,Die Babys
Home,Das Zuhause,Die H�user
Dog,Der Hund,Die Hunde
Road,Die Stra�e,Die Stra�en
Idea,Die Idee,Die Ideen
Kitchen,Die K�che,Die K�chen
Lot,Das Los,Die Lose
Son,Der Sohn,Die S�hne
Job,Der Beruf,Die Jobs
Paper,Das Papier,Die Papiere
Sister,Die Schwester,Die Schwestern
Smile,Das L�cheln,Die L�cheln
Point,Der Punkt,Die Punkte
Thought,Der Gedanke,Die Gedanken
Love,Die Liebe,Die Liebe
Town,Die Stadt,Die St�dte
Death,Der Tod,Die Todesf�lle
Ground,Der Boden,Die Gr�nde
Others,Die Anderen,Die Anderen
Fire,Das Feuer,Die Feuer
Step,Der Schritt,Die Schritte
Blood,Das Blut,Die Blut
Fact,Die Tatsache,Die Fakten
Breath,Der Atem,Die Atem
Lip,Die Lippe,Die Lippen
Sun,Die Sonne,Die Sonnen
Building,Geb�ude,Die Geb�ude
Number,Die Anzahl,Die Nummern
Husband,Der Ehemann,Die Ehem�nner
Parent,Das Elternteil,Die Eltern
Corner,Die Ecke,Die Ecken
Problem,Das Problem,Die Probleme
Couple,Das Ehepaar,Die Paare
Daughter,Die Tochter,Die T�chter
Bag,Der Beutel,Die Taschen
Hell,Die H�lle,Die H�llen
Rest,Die Rast,Die Reste
Business,Das Gesch�ft,Die Unternehmen
Sky,Der Himmel,Der Himmel
Box,Die Kiste,Die Boxs
Person,Die Person,Die Personen
Reason,Der Grund,Die Gr�nde
Right,Das Recht,Die Rechte
Skin,Die Haut,Die H�ute
Dad,Der Vater,Die V�ter
Case,Der Fall,Die F�lle
Piece,Das St�ck,Die St�cke
Doctor,Der Doktor,Die Doktoren
Edge,Die Ecke,Die Kanten
Mom,Die Mama,Die M�tter
Picture,Das Bild,Die Bilder
Sense,Der Sinn,Die Sinne
Ear,Das Ohr,Die Ohren
Second,Der Zweite,Die Sekunden
Lady,Die Dame,Die Damen
Neck,Der Hals,Die H�lse
Wind,Der Wind,Die Winde
Desk,Der Schreibtisch,Die Schreibtische
Gun,Die Waffe,Die Waffen
Stone,Der Stein,Die Steine
Coffee,Der Kaffee,Die Kaffee
Ship,Das Schiff,Die Schiffe
Earth,Die Erde,Die Erden
Food,Das Essen,Die Lebensmittel
Horse,Das Pferd,Die Pferde
Field,Das Feld,Die Felder
War,Der Krieg,Die Kriege
Afternoon,Der Nachmittag,Die Nachmittage
Sir,Die Sir,Die Damen Und Herren
Space,Der Raum,Die R�ume
Evening,Der Abend,Die Abende
Letter,Der Brief,Die Briefe
Bar,Die Bar,Die Bars
Dream,Der Traum,Die Tr�ume
Apartment,Die Wohnung,Die Wohnungen
Chest,Die Brust,Die Truhen
Game,Das Spiel,Die Spiele
Summer,Der Sommer,Die Sommer
Matter,Der Grund,Die Angelegenheiten
Silence,Die Stille,Die Stille
Top,Die Spitze,Die Spitzen
Rock,Der Fels,Die Steine
Power,Die Macht,Die Befugnisse
Clothes,Die Kleider,Die Clotheses
Sign,Das Schild,Die Zeichen
Attention,Die Aufmerksamkeit,Die Aufmerksamkeit
Music,Die Musik,Die Musiken
State,Der Staat,Die Staaten
Pocket,Die Tasche,Die Taschen
Dinner,Das Abendessen,Die Abendessen
Hall,Die Halle,Die Hallen
Pain,Der Schmerz,Die Schmerzen
Age,Das Alter,Das Alter
River,Der Fluss,Die Fl�sse
Chance,Die Chance,Die Chancen
Nose,Die Nase,Die Nasen
Shadow,Der Schatten,Die Schatten
Police,Die Polizei,Die Politiken
Memory,Das Ged�chtnis,Die Erinnerungen
Color,Die Farbe,Die Farben
Knee,Das Knie,Die Knie
Wood,Das Holz,Der Wald
Shirt,Das Hemd,Die Hemden
Party,Die Party,Die Parteien
Country,Das Land,Die L�nder
Truck,Der Lkw,Die Lastwagen
Tooth,Der Zahn,Die Tooths
Bill,Die Rechnung,Die Rechnungen
Scene,Die Szene,Szenen
Land,Das Land,Die L�ndereien
Star,Der Stern,Die Sterne
Bird,Der Vogel,Die V�gel
Bedroom,Das Schlafzimmer,Die Schlafzimmer
Uncle,Der Onkel,Die Onkel
Sort,Die Art,Die Sorten
Group,Die Gruppe,Die Gruppen
Truth,Die Wahrheit,Die Wahrheiten
Trouble,Die Schwierigkeiten,Die Probleme
Crowd,Die Menge,Die Menschenmengen
Station,Der Bahnhof,Die Stationen
Tear,Die Rei�,Die Tr�nen
Class,Die Klasse,Die Klassen
Sea,Das Meer,Die Meere
Animal,Das Tier,Die Tiere
Center,Das Zentrum,Die Zentren
Feeling,Das Gef�hl,Die Gef�hle
Store,Das Gesch�ft,Die L�den
Mountain,Der Berg,Die Berge
News,Die Nachrichten,Die Newses
Shoe,Der Schuh,Die Schuhe
Cat,Die Katze,Die Katzen
Screen,Der Bildschirm,Die Schirme
Bottle,Die Flasche,Die Flaschen
Call,Der Anruf,Die Anrufe
Living,Die Lebenden,Die Livings
Cheek,Die Wange,Die Wangen
Student,Der Sch�ler,Die Studenten
Ball,Der Ball,Die B�lle
Sight,Die Sehensw�rdigkeit,Die Sehensw�rdigkeiten
Hill,Der H�gel,Die H�gel
Company,Das Unternehmen,Die Betriebe
Church,Die Kirche,Die Kirchen
Rain,Der Regen,Die Regenzeit
Suit,Der Anzug,Die Anz�ge
One,Der Eine,Die Einen
Direction,Die Richtung,Die Richtungen
Will,Der Wille,Die Testamente
Throat,Der Hals,Die Kehlen
Middle,Die Mitte,Die Middles
Answer,Die Antwort,Die Antworten
Stuff,Das Zeug,Die Stoffe
Hospital,Das Krankenhaus,Die Krankenh�user
Camera,Die Kamera,Die Kameras
Dress,Das Kleid,Die Kleider
Card,Die Karte,Die Karten
Yard,Der Hof,Die Werften
Dark,Die Dunkelheit,Die Dunkelheiten
Shit,Die Schei�e,Die Schei�e
Image,Das Bild,Die Bilder
Machine,Die Maschine,Die Maschinen
Distance,Die Distanz,Die Abst�nde
Area,Das Gebiet,Die Bereiche
Narrator,Der Erz�hler,Die Erz�hler
Ice,Das Eis,Die Ices
Snow,Der Schnee,Der Schnee
Note,Die Notiz,Die Notizen
Mirror,Der Spiegel,Die Spiegel
King,Der K�nig,Die K�nige
Fear,Die Angst,Die �ngste
Officer,Der Offizier,Die Offiziere
Hole,Das Loch,Die L�cher
Shot,Der Schuss,Die Sch�sse
Guard,Der W�chter,Die Wachen
Conversation,Die Unterhaltung,Die Gespr�che
Boat,Das Boot,Die Boote
System,Das System,Die Systeme
Care,Die Pflege,Die Sorgen
Bit,Die Bit,Die Bits
Movie,Der Film,Kino
Bone,Der Knochen,Die Knochen
Page,Die Seite,Die Seiten
Captain,Der Kapit�n,Die Kapit�ne
Aunt,Die Tante,Die Tanten
Darkness,Dunkelheit,Die Dunkelheiten
Control,Die Kontrolle,Die Steuerelemente
Drink,Das Getr�nk,Die Getr�nke
Hotel,Das Hotel,Die Hotels
Coat,Der Mantel,Die M�ntel
Stair,Die Treppen,Die Treppe
Order,Die Bestellung,Die Auftr�ge
Rose,Die Rose,Die Rosen
Miss,Der Fehl,Die Fehlsch�sse
Hat,Der Hut,Die H�te
Gold,Das Gold,Die Goldmedaillen
Cigarette,Die Zigarette,Die Zigaretten
Cloud,Die Wolke,Die Wolken
View,Die Aussicht,Die Ansichten
Driver,Der Fahrer,Die Fahrer
Cup,Die Tasse,Die Tassen
Figure,Die Figur,Die Figuren
Expression,Der Ausdruck,Die Ausdr�cke
Path,Der Pfad,Die Wege
Key,Der Schl�ssel,Die Schl�ssel
Computer,Der Computer,Die Computer
Flower,Die Blume,Die Blumen
Ring,Der Ring,Die Ringe
Bathroom,Das Bad,Die Badezimmer
Metal,Das Metall,Die Metalle
Moon,Der Mond,Die Monde
Song,Das Lied,Die Lieder
Soldier,Der Soldat,Die Soldaten
Radio,Das Radio,Die Funkger�te
History,Die Geschichte,Die Geschichten
Wave,Die Welle,Die Wellen
Plan,Der Plan,Die Pl�ne
College,Das College,Die Fachhochschulen
Fish,Der Fisch,Die Fische
Garden,Der Garten,Die G�rten
Train,Der Zug,Die Z�ge
Shop,Das Gesch�ft,Die L�den
Cop,Der Polizist,Die Polizisten
Art,Die Kunst,Die K�nste
Beer,Das Bier,Die Biere
North,Norden,Die Norths
Island,Die Insel,Die Inseln
Bus,Der Bus,Die Busse
Smell,Der Geruch,Die Ger�che
Noise,Das Ger�usch,Die Ger�usche
Mama,Die Mama,The Mamas
Park,Der Park,Die Parks
South,Der S�den,Die Souths
Pair,Das Paar,Die Paare
Lord,Der Herr,Die Herren
Plate,Der Teller,Die Platten
Jacket,Die Jacke,Die Jacken
Help,Die Hilfe,Die Hilft
Daddy,Der Papa,Die V�ter
Grass,Das Gras,Die Gr�ser
Thanks,Die Dank,Die Thankses
Heat,Die Hitze,Die Heats
Sleep,Der Schlaf,Die Schlafpl�tze
Brain,Das Gehirn,Die Gehirne
Service,Der Service,Der Dienstleistungen
Trip,Die Reise,Die Ausfl�ge
Beat,Der Beat,Die Beats
Knife,Das Messer,Die Messer
Spot,Der Platz,Die Flecken
Message,Die Nachricht,Die Nachrichten
Mark,Die Note,Die Noten
Teacher,Der Lehrer,Die Lehrer
Gaze,Der Blick,Die Blicke
Village,Das Dorf,Die D�rfer
Winter,Der Winter,Die Winter
Front,Die Front,Die Fronten
Law,Das Gesetz,Die Gesetze
Surface,Die Oberfl�che,Die Oberfl�chen
Bank,Die Bank,Die Banken
Team,Das Team,Die Teams
Maximum,Das Maximum,Die Maxima
Position,Die Position,Die Positionen
Stomach,Der Bauch,Die M�gen
Turn,Die Wende,Die Windungen
West,Der Westen,Die Wests
Lunch,Das Mittagessen,Die Mittagessen
Change,Der Wechsel,Die Ver�nderungen
Creature,Die Kreatur,Gesch�pfe
Soul,Die Seele,Die Seelen
Leaf,Das Blatt,Die Bl�tter
Show,Die Show,Die Shows
Gate,Die Gate,Die Tore
Palm,Die Palme,Die Handfl�chen
Plastic,Der Kunststoff,Die Kunststoff
Force,Die Kraft,Die Kr�fte
Beach,Der Strand,Die Str�nde
President,Der Pr�sident,Die Pr�sidenten
Shape,Die Form,Die Formen
Smoke,Der Rauch,Die Raucht
Wheel,Das Rad,Die R�der
Silver,Das Silber,Die Silber
Roof,Das Dach,Die D�cher
Weight,Das Gewicht,Die Gewichte
Tongue,Die Zunge,Die Zungen
Tea,Der Tee,Die Tees
Track,Die Strecke,Die Spuren
Angle,Der Winkel,Die Winkel
Form,Die Form,Formen
Tone,Der Ton,Die T�ne
Circle,Der Kreis,Die Kreise
Spring,Der Fr�hling,Die Federn
Porch,Die Vorhalle,Die Veranden
Sheet,Das Blatt,Die Bl�tter
Member,Das Mitglied,Die Angeh�rigen
Pool,Das Schwimmbecken,Die Pools
Need,Das Bed�rfnis,Die Bed�rfnisse
Hope,Die Hoffnung,Die Hoffnungen
Lake,Der See,Die Seen
Breast,Die Brust,Die Br�ste
Surprise,Die �berraschung,Die �berraschungen
Interest,Die Interesse,Die Interessen
Bottom,Der Boden,Die B�den
Spirit,Der Geist,Die Geister
Block,Der Block,Die Bl�cke
Language,Die Sprache,Die Sprachen
Bridge,Die Br�cke,Die Br�cken
Dust,Staub,Die St�ube
Cell,Die Zelle,Die Zellen
Wine,Wein,Die Weine
Boot,Das Boot,Die Stiefel
Choice,Die Wahl,Die Entscheidungen
Row,Die Reihe,Die Reihen
Talk,Das Gespr�ch,Die Gespr�che
Plane,Das Flugzeug,Die Flugzeuge
Watch,Die Uhr,Die Uhren
Information,Die Information,Die Informationen
Grandmother,Die Gro�mutter,Die Gro�m�tter
Wing,Der Fl�gel,Die Fl�gel
Bob,Die Bob,Die Bobs
Club,Der Club,Die Vereine
Master,Der Meister,Die Meister
Grace,Die Gnade,Die Gnaden
Forest,Der Wald,Die W�lder
Size,Die Gr��e,Die Gr��en
Set,Der Satz,Die S�tze
Marriage,Die Ehe,Die Ehen
Forehead,Die Stirn,Die Stirn
Storm,Sturm,Die St�rme
Doorway,Die T�r�ffnung,Die T�ren
Situation,Die Situation,Die Situationen
Counter,Der Z�hler,Die Z�hler
Neighbor,Der Nachbar,Die Nachbarn
Photo,Das Foto,Die Fotos
Stage,Die B�hne,Die Stufen
Meeting,Das Treffen,Die Sitzungen
Nurse,Die Krankenschwester,Die Krankenschwestern
Security,Die Sicherheit,Die Wertpapiere
Weapon,Die Waffe,Waffen
Event,Das Ereignis,Die Events
Ceiling,Die Decke,Die Decken
Engine,Der Motor,Die Motoren
Gift,Das Geschenk,Die Geschenke
Restaurant,Das Restaurant,Die Restaurants
Board,Die Tafel,Die Bretter
Hallway,Der Flur,Die Flure
Army,Die Armee,Die Armeen
Effort,Der Aufwand,Bem�hungen
East,Der Osten,Die Easts
Agent,Der Agent,Die Mittel
Future,Die Zukunft,Die Futures
Pant,Die Hose,Die Hose
Leather,Das Leder,Die Leder
Flight,Der Flug,Die Fl�ge
Sex,Das Geschlecht,Die Sexs
Court,Das Gericht,Die Gerichte
Course,Der Kurs,Die Kurse
Dirt,Der Dreck,Die Dirts
Egg,Das Ei,Die Eier
Chin,Das Kinn,Die Kinne
Stranger,Der Fremde,Die Fremden
Pleasure,Die Freude,Die Freuden
Detail,Das Detail,Die Details
Crew,Die Besatzung,Die Besatzungen
Fall,Der Herbst,Die Wasserf�lle
Guest,Der Gast,Die G�ste
Experience,Das Erlebnis,Erfahrungen
Joke,Der Witz,Die Witze
Sand,Der Sand,Der Sand
Fist,Die Faust,Die F�uste
Action,Die Aktion,Die Aktionen
Walk,Das Wandern,Die Wanderungen
Wedding,Die Hochzeit,Die Hochzeiten
Deal,Der Deal,Die Angebote
Nature,Die Natur,Die Natur
Planet,Der Planet,Die Planeten
Cousin,Der Cousin,Die Cousinen
Movement,Die Bewegung,Die Bewegungen
Flesh,Das Fleisch,Die Konkretisiert
Record,Der Datensatz,Datens�tze
Camp,Das Camp,Die Lager
Newspaper,Die Zeitung,Die Zeitung
Ray,Der Strahl,Die Strahlen
Human,Der Mensch,Die Menschen
Couch,Das Sofa,Die Liegen
Motion,Die Bewegung,Die Bewegungen
Grandfather,Der Gro�vater,Die Gro�v�ter
Photograph,Die Fotografie,Die Photographes
Secret,Das Geheimnis,Geheimnisse
Beauty,Die Sch�nheit,Die Sch�nheiten
Presence,Das Vorhandensein,Die Pr�senzen
Bell,Die Glocke,Die Glocken
Folk,Die Volks,Die Leute
Button,Der Knopf,Die Kn�pfe
List,Die Liste,Die Listen
Level,Das Level,Die Niveaus
Date,Das Datum,Die Daten
Subject,Das Thema,Die F�cher
Difference,Der Unterschied,Die Unterschiede
Pause,Die Pause,Die Pausen
Van,Der Van,Die Wagen
Blade,Die Klinge,Die Klingen
Television,Das Fernsehen,Die Fernseher
Cover,Die Titelseite,Die Abdeckungen
Past,Die Vergangenheit,Die Vergangenheit
Farm,Der Bauernhof,Die Bauernh�fe
Lap,Die Runden,Die Runden
Band,Die Band,Die Bands
Lawyer,Der Anwalt,Die Anw�lte
Magazine,Das Magazin,Die Zeitschriften
Branch,Der Ast,Die Zweige
Frame,Der Rahmen,Die Rahmen
Deck,Das Deck,Die Decks
Effect,Der Effekt,Die Effekte
Dance,Der Tanz,Die T�nze
Vision,Die Sicht,Die Visionen
Ghost,Das Gespenst,Die Geister
Ass,Der Esel,Die Esel
Character,Der Charakter,Die Charaktere
Glance,Der Blick,Die Blicke
GoodBye,Das Auf Wiedersehen,Die Verabschiedungen
Parking,Das Park,Die Parkpl�tze
Breakfast,Das Fr�hst�ck,Das Fr�hst�ck
Gesture,Die Geste,Die Gesten
Luck,Das Gl�ck,Die Lucks
Blanket,Die Decke,Die Decken
Gas,Das Gas,Die Gase
Corridor,Der Korridor,Die Flure
Professor,Der Professor,Die Professoren
Play,Das Spiel,Die Spiele
Mistake,Der Fehler,Die Fehler
University,Die Universit�t,Die Universit�ten
Ocean,Der Ozean,Die Ozeane
Century,Das Jahrhundert,Die Jahrhunderte
Honey,Der Honig,Honige
Pile,Der Stapel,Die Pf�hle
Bowl,Die Schale,Die Schalen
Base,Basis,Die Basen
Fence,Der Zaun,Die Z�une
Rule,Die Regel,Die Regeln
Laughter,Das Gel�chter,Die Gel�chter
Anger,Die Wut,Die Angers
Sweat,Der Schwei�,Die Schwei�ausbr�che
Accident,Der Unfall,Die Unf�lle
Weather,Das Wetter,Die Wind Und Wetter
Decision,Die Entscheidung,Die Entscheidungen
Angel,Der Engel,Die Engel
Strength,Die St�rke,Die St�rken
Chicken,Das Huhn,Die H�hner
Study,Die Studium,Die Studien
Tape,Das Band,Die B�nder
Wrist,Das Handgelenk,Die Handgelenke
Stop,Der Halt,Die Anschl�ge
Hip,Die H�fte,Die H�ften
Government,Die Regierung,Die Regierungen
Belly,Der Bauch,Die B�uche
Queen,Die K�nigin,Die K�niginnen
Report,Bericht,Die Berichte
Tail,Der Schweif,Die Schw�nze
Plant,Die Pflanze,Die Pflanzen
Flame,Die Flamme,Die Flammen
Heaven,Der Himmel,Die Himmel
Belt,Der G�rtel,Die G�rtel
Neighborhood,Die Nachbarschaft,Die Nachbarschaften
Energy,Die Energie,Die Energien
Green,Das Gr�n,Die Gr�nen
Quarter,Das Viertel,Die Viertel
Enemy,Der Feind,Die Feinde
Move,Die Bewegung,Die Z�ge
Entrance,Der Eingang,Die Zug�nge
Library,Die Bibliothek,Die Bibliotheken
Writer,Der Verfasser,Die Autoren
Peace,Der Frieden,Die Peaces
Touch,Die Ber�hrung,Die Ber�hrungen
Pot,Der Topf,Die T�pfe
Type,Der Typ,Die Typen
Cause,Der Grund,Die Gr�nde
Rope,Das Seil,Die Seile
Muscle,Der Muskel,Die Muskeln
Painting,Das Gem�lde,Die Gem�lde
Curtain,Die Gardine,Die Vorh�nge
Meal,Die Mahlzeit,Die Essen
Act,Der Akt,Die Handlungen
Wolf,Der Wolf,Die W�lfe
Cabin,Die Kaj�te,Die Kabinen
Charge,Die Ladung,Die Ladungen
Clock,Die Uhr,Die Uhren
Passenger,Der Passagier,Die Passagiere
Buddy,Der Kumpel,Die Freunde
Drug,Das Medikament,Die Arzneimittel
Use,Die Verwendung,Die Verwendungen
Bench,Die Bank,Die B�nke
Traffic,Der Verkehr,Die Verkehre
Relief,Das Relief,Die Reliefs
Cap,Die Kappe,Die Kappen
Pack,Das Rudel,Die Packungen
Weekend,Das Wochenende,Die Wochenenden
Stand,Der Stand,Die St�nde
Elevator,Der Aufzug,Die Aufz�ge
Birthday,Der Geburtstag,Die Geburtstage
Lily,Die Lilie,Die Lilien
Iron,Das B�geleisen,Die Eisen
Meat,Das Fleisch,Das Fleisch
Eyebrow,Die Augenbraue,Die Augenbrauen
Response,Die Antwort,Die Antworten
Speed,Die Geschwindigkeit,Die Geschwindigkeiten
Purpose,Die Absicht,Die Zwecke
Skirt,Der Rock,Die R�cke
Square,Das Quadrat,Die Quadrate
Drive,Die Fahrt,Die Antriebe
Article,Den Artikel,Die Artikel
English,Das Englisch,Die Englishes
Tower,Der Turm,Die T�rme
Battle,Der Kampf,Die Schlachten
Film,Der Film,Die Filme
Race,Das Rennen,Die Rennen
Shock,Der Schock,Die Schocks
Section,Die Sektion,Die Abschnitte
Manner,Die Methode,Die Sitten
Sword,Das Schwert,Die Schwerter
Stick,Der Stock,Die St�cke
File,Die Datei,Die Dateien
Bread,Das Brot,Die Brote
Oil,Das �l,Die �le
Chain,Die Kette,Die Ketten
Department,Die Abteilung,Die Abteilungen
Project,Projekt,Die Projekte
Murder,Der Mord,Die Morde
Bear,Der B�r,Die B�ren
Test,Der Test,Die Tests
Visit,Der Besuch,Die Besuche
Milk,Die Milch,Die Milch
Boss,Der Chef,Die Bosse
Elbow,Der Ellbogen,Die Ellbogen
Desire,Das Verlangen,Die W�nsche
Patient,Der Patient,Die Patienten
Grin,Das Grinsen,Die Grins
Lover,Der Liebhaber,Die Liebhaber
Price,Der Preis,Die Preise
Map,Die Karte,Die Karten
Knowledge,Das Wissen,Die Erkenntnisse
Beginning,Der Anfang,Die Anf�nge
Cold,Die K�lte,Die Erk�ltung
Closet,Der Schrank,Die Schr�nke
Dawn,Die Morgend�mmerung,Im Morgengrauen
Temple,Der Tempel,Die Tempel
Joy,Der Spa�,Die Freuden
Duty,Die Pflicht,Die Aufgaben
Practice,Die �bung,Die Praktiken
Heel,Die Ferse,Die Fersen
Valley,Das Tal,Die T�ler
Fight,Der Kampf,Die K�mpfe
Wire,Das Kabel,Die Dr�hte
Jeans,Die Jeans,Die Jeanses
Kiss,Der Kuss,Die K�sse
Jaw,Der Kiefer,Die Backen
Run,Die Lauf,Die L�ufe
Hold,Der Halt,Die Lader�ume
Relationship,Das Verh�ltnis,Die Beziehungen
Object,Das Objekt,Die Objekte
Attack,Der Angriff,Die Angriffe
Dish,Das Gericht,Das Geschirr
Highway,Die Autobahn,Die Autobahnen
Shade,Die Schattierung,Die Schatten
Crime,Das Verbrechen,Die Verbrechen
White,Das Wei�,Die Wei�en
Partner,Der Partner,Die Partner
Priest,Der Priester,Die Priester
Lawn,Der Rasen,Der Rasen
Laugh,Das Lachen,Die Lachen
Trunk,Der Kofferraum,Die St�mme
Cry,Das Weinen,Die Schreie
Program,Das Programm,Die Programme
Ride,Die Fahrt,Die Fahrten
Shelf,Das Regal,Die Regale
Gentleman,Der Gentleman,The Gentlemans
Being,Das Sein,Die Wesen
Steel,Der Stahl,Die St�hle
Sidewalk,Der B�rgersteig,Die B�rgersteige
Uniform,Die Uniform,Die Uniformen
Pattern,Das Muster,Die Muster
Evidence,Der Beweis,Die Beweise
Player,Der Spieler,Die Spieler
Novel,Der Roman,Die Romane
Pillow,Das Kissen,Die Kissen
Lamp,Die Lampe,Die Lampen
Drawer,Die Schublade,Die Schubladen
Danger,Die Gefahr,Die Gefahren
Detective,Der Detektiv,Die Detektive
Instant,Die Instant,Die Zeitpunkte
Thinking,Das Denken,Die Gedanken
Crack,Der Riss,Die Risse
Prayer,Das Gebet,Die Gebete
Towel,Das Handtuch,Die Handt�cher
Glove,Der Handschuh,Die Handschuhe
Bay,Die Bucht,Die Buchten
Audience,Das Publikum,Das Publikum
Can,Die Dose,Die Dosen
Condition,Die Bedingung,Die Bedingungen
Trail,Der Pfad,Die Wanderwege
Waist,Die Taille,Die Taille
Pressure,Der Druck,Die Dr�cke
Telephone,Das Telefon,Die Telefone
Sink,Das Waschbecken,Die Waschbecken
Return,Die R�ckkehr,Die Renditen
Breeze,Die Brise,Die L�fte
Taste,Der Geschmack,Die Geschm�cker
Fault,Der Fehler,Die Fehler
Stream,Der Strom,B�che
Result,Das Ergebnis,Die Ergebnisse
Author,Der Autor,Die Autoren
Tip,Das Trinkgeld,Die Spitzen
Shower,Die Dusche,Die Duschen
Toe,Die Zehe,Die Zehen
Season,Die Jahreszeit,Die Jahreszeiten
Half,Die H�lfte,Die H�lften
Fool,Der Dummkopf,Die Narren
Tunnel,Der Tunnel,Die Tunnel
Client,Der Klient,Die Clients
Garage,Die Garage,Die Garagen
Mission,Die Mission,Die Missionen
Chief,Der Chef,Die H�uptlinge
Bullet,Die Kugel,Die Kugeln
Market,Der Markt,Die M�rkte
Loss,Der Verlust,Die Verluste
Series,Die Reihe,Die Serieses
Pen,Der Stift,Die Stifte
Term,Der Begriff,Die Begriffe
Poem,Das Gedicht,Die Gedichte
Prince,Der Prinz,Die F�rsten
Clay,Der Ton,Die Tone
Lock,Das Schloss,Die Schl�sser
Reality,Die Realit�t,Die Wirklichkeiten
Snake,Die Schlange,Die Schlangen
Apple,Der Apfel,Die �pfel
Mask,Die Maske,Die Masken
Customer,Dem Kunden,Die Kunden
Birth,Die Geburt,Die Geburten
Break,Die Pause,Die Pausen
Wonder,Das Wunder,Wunder
Sunlight,Das Sonnenlicht,Die Sunlights
Tank,Der Panzer,Die Tanks
Staff,Das Personal,Die Mitarbeiter
Lie,Die L�ge,Die L�gen
Faith,Der Glaube,Die Glaubensrichtungen
Honor,Die Ehre,Ehrungen
Cream,Die Creme,Die Cremes
Sake,Das Wohl,Die Willen
Victim,Das Opfer,Die Opfer
Possibility,Die M�glichkeit,Die M�glichkeiten
Contact,Der Kontakt,Die Kontakte
Mood,Die Stimmung,Die Stimmungen
Thumb,Der Daumen,Die Daumen
Reading,Das Lesen,Die Messwerte
Fun,Der Spa�,Die Funs
Candle,Die Kerze,Die Kerzen
Cave,Die H�hle,Die H�hlen
Post,Die Post,Die Pfosten
Prison,Das Gef�ngnis,Die Gef�ngnisse
Emotion,Die Emotion,Die Emotionen
Leader,Der F�hrer,Die F�hrer
Degree,Der Grad,Grade
Feature,Die Eigenschaft,Die Funktionen
Ticket,Das Ticket,Die Tickets
Alien,Das Alien,Die Aliens
Lesson,Der Unterricht,Die Stunden
Desert,Die W�ste,Die W�sten
Cut,Der Schnitt,Die Schnitte
Mess,Die Unordnung,Die Kasinos
Warning,Die Warnung,Die Warnungen
Tale,Das M�rchen,Die Geschichten
Funeral,Das Begr�bnis,Die Beerdigungen
Cab,Das Taxi,Die Kabinen
Reporter,Der Reporter,Die Reporter
Present,Das Geschenk,Die Geschenke
Theater,Das Theater,Die Theater
Length,Die L�nge,Die L�ngen
Mud,Der Schlamm,Die Schl�mme
Science,Die Wissenschaft,Die Wissenschaften
Drop,Der Fall,Die Tropfen
String,Die Schnur,Die Streicher
Speech,Die Rede,Die Reden
Copy,Die Kopie,Die Kopien
Cow,Die Kuh,Die K�he
Worker,Der Arbeiter,Die Arbeiter
Thigh,Der Oberschenkel,Die Thighes
Lab,Das Labor,Die Labore
Roll,Die Rolle,Die Walzen
Fruit,Das Obst,Die Fr�chte
Patch,Der Patch,Die Patches
Silk,Die Seide,Die Seide
Buck,Der Buck,Die B�cke
Brick,Die Ziegel,Die Ziegel
Rifle,Das Gewehr,Die Gewehre
Career,Die Karriere,Die Karrieren
Issue,Das Thema,Die Probleme
Opportunity,Die Gelegenheit,Die Chancen
Director,Der Direktor,Die Direktoren
Monster,Das Monster,Die Monster
Vehicle,Das Fahrzeug,Die Fahrzeuge
Alley,Die Gasse,Die Gassen
Sleeve,Die H�lse,Die �rmel
Grave,Das Grab,Die Gr�ber
Bush,Der Busch,Die B�sche
Dining,Der Speisesaal,Die Dinings
Opening,Die Er�ffnung,Die �ffnungen
Twin,Der Zwilling,Die Zwillinge
Barn,Die Scheune,Die Scheunen
Pound,Das Pfund,Die Pfunde
Site,Der Standort,Die Websites
Flash,Der Blitz,Die Blitze
Judge,Der Richter,Die Richter
Mass,Die Masse,Die Massen
Process,Der Prozess,Die Prozesse
Tie,Das Band,Die Bande
Purse,Der Geldbeutel,Die Geldbeutel
Pipe,Das Rohr,Die R�hren
Dragon,Der Drache,Die Drachen
Horizon,Der Horizont,Die Horizonte
Tray,Die Schale,Die Traies
Envelope,Der Umschlag,Die Umschl�ge
Check,Die Pr�fung,Die Kontrollen
Adult,Die Erwachsene,Die Erwachsenen
Emergency,Der Notfall,Die Emergencys
Material,Das Material,Die Materialien
Childhood,Die Kindheit,Die Kindheit
Habit,Die Angewohnheit,Die Gewohnheiten
Artist,Der K�nstler,Die Artisten
Address,Die Adresse,Die Adressen
Scent,Der Duft,Die D�fte
Universe,Das Universum,Die Universen
Nod,Das Kopfnicken,Die Nickt
Shell,Die Muschel,Die Schalen
Community,Die Gemeinde,Die Gemeinden
Start,Der Anfang,Beginnt Der
Wound,Die Wunde,Die Wunden
Mouse,Die Maus,Die M�use
Pilot,Der Pilot,Die Piloten
Grade,Die Klasse,Die Noten
Video,Das Video,Die Videos
Basket,Der Korb,Die K�rbe
Wagon,Der Wagen,Die Wagen
Attempt,Der Versuch,Die Versuche
Sofa,Das Sofa,Die Sofas
Cake,Der Kuchen,Die Kuchen
Fellow,Der Kerl,Die Kerle
Affair,Die Aff�re,Die Angelegenheiten
Shore,Die K�ste,Die Ufer
General,Die Allgemeine,Die Gener�le
Root,Der Ursprung,Die Wurzeln
Robe,Die Robe,Die Gew�nder
Concern,Die Sorge,Die Bedenken
Press,Die Presse,Die Pressen
Rat,Die Ratte,Die Ratten
Society,Die Gesellschaft,Die Gesellschaften
Style,Der Stil,Die Stile
County,Die Kreis,Die Landkreise
Command,Der Befehl,Die Befehle
Visitor,Der Besucher,Die Besucher
Model,Das Model,Die Modelle
Chamber,Die Kammer,Die Kammern
Beast,Das Biest,Die Tiere
Bunch,Das B�ndel,Die Trauben
Background,Der Hintergrund,Die Hintergr�nde
Unit,Die Einheit,Die Einheiten
Furniture,Die M�bel,Die M�bel
Nail,Der Nagel,Die N�gel
Scream,Der Schrei,Die Schreie
Property,Die Eigenschaft,Eigenschaften
Equipment,Die Ausr�stung,Die Ausr�stungen
Driveway,Die Auffahrt,Die Einfahrten
Grip,Der Griff,Die Griffe
Tube,Das Rohr,Die R�hren
Ash,Die Asche,Die Asche
Fan,Der Fan,Die Fans
Opinion,Die Meinung,Die Ansichten
Data,Die Daten,Die Daten
Connection,Die Verbindung,Die Verbindungen
Trick,Der Trick,Die Tricks
Mystery,Das Mysterium,Die Geheimnisse
Period,Die Periode,Die Perioden
Writing,Das Schreiben,Die Schriften
Horror,Der Horror,Die Schrecken
Candy,Die S��igkeit,Die Bonbons
Bitch,Die Bitch,Die H�ndinnen
Health,Die Gesundheit,Die Healths
Manager,Der Gesch�ftsf�hrer,Die Manager
Safety,Die Sicherheit,Die Sicherheiten
Height,Die H�he,Die H�hen
Appearance,Die Erscheinung,Die Erscheinungen
Sigh,Der Seufzer,Die Sighes
Mine,Die Mine,Die Bergwerke
Cloth,Die Kleidung,Die T�cher
Reaction,Die Reaktion,Die Reaktionen
Source,Die Quelle,Die Quellen
Self,Das Ich,Die Selfs
Pistol,Die Pistole,Die Pistolen
Airport,Der Flughafen,Die Flugh�fen
Hero,Der Held,Die Helden
Promise,Das Versprechen,Die Versprechen
Bow,Der Bogen,Die B�gen
Tent,Das Zelt,Die Zelte
Booth,Der Messestand,Die St�nde
Cash,Das Geld,Die Kassen
Avenue,Die Stra�e,Die Alleen
TShirt,Das TShirt,Die TShirts
Carpet,Der Teppich,Die Teppiche
Basement,Der Keller,Die Keller
Girlfriend,Die Freundin,Die Freundinnen
Beard,Der Bart,Die B�rte
Brow,Die Stirn,Die Augenbrauen
Display,Der Bildschirm,Die Anzeigen
Signal,Das Signal,Die Signale
Servant,Der Diener,Die Diener
Whisper,Das Fl�stern,Das Fl�stern
Doubt,Der Zweifel,Die Zweifel
Account,Das Konto,Die Accounts
Magic,Die Magie,Die Magie
Hank,Die Hank,Die Str�nge
Limb,Das Glied,Die Schenkel
Bastard,Der Bastard,Die Bastarde
Skull,Der Sch�del,Die Sch�del
Sentence,Der Satz,Die S�tze
Collar,Der Kragen,Die Kragen
Horn,Das Horn,Die H�rner
Oak,Die Eiche,Die Eichen
Ankle,Der Kn�chel,Die Kn�chel
Doll,Die Puppe,Die Puppen
Sandwich,Das Sandwich,Die Sandwiches
Robin,Das Rotkehlchen,Die Rotkehlchen
Justice,Die Justiz,Die Richter
Pride,Der Stolz,Die Rudel
Youth,Die Jugend,Die Jugendlichen
Secretary,Der Sekret�r,Die Sekret�re
Research,Die Forschung,Die Forschungen
Sport,Der Sport,Die Sport
Task,Die Aufgabe,Die Aufgaben
Grant,Der Zuschuss,Die Zusch�sse
Sheriff,Der Sheriff,Die Sheriffs
Midnight,Die Mitternachts,Die Mittern�chte
Chip,Der Chip,Die Chips
Theory,Die Theorie,Theorien
Alarm,Den Wecker,Die Alarme
Collection,Die Sammlung,Die Sammlungen
Cross,Das Kreuz,Die Kreuze
Pine,Die Kiefer,Die Kiefern
Generation,Die Generation,Die Generationen
Authority,Die Autorit�t,Die Beh�rden
Papa,Die Papa,Die Papas
Journey,Die Reise,Die Reisen
Pearl,Die Perle,Die Perlen
Toilet,Die Toilette,Die Toiletten
Killer,Der M�rder,Die M�rder
Tool,Das Werkzeug,Die Werkzeuge
Medicine,Die Medizin,Die Medikamente
Sugar,Der Zucker,Die Zucker
Princess,Die Prinzessin,Die Prinzessinnen
Argument,Das Argument,Die Argumente
Cliff,Die Klippe,Die Klippen
Cart,Der Wagen,Die Wagen
Crystal,Der Kristall,Die Kristalle
Bean,Die Bohne,Die Bohnen
Cage,Der K�fig,Die K�fige
Chocolate,Die Schokolade,Die Pralinen
Coast,Die K�ste,Die K�sten
Decade,Das Jahrzehnt,Die Jahrzehnte
Meaning,Die Bedeutung,Die Bedeutungen
Gear,Das Getriebe,Die Zahnr�der
Suitcase,Der Koffer,Die Koffer
Operation,Die Operation,Die Operationen
Breathing,Das Atem,Die Breathings
Role,Die Rolle,Die Rollen
Version,Die Version,Fassungen
Prisoner,Der Gefangene,Die Gefangenen
Match,Das Match,Die Spiele
Beam,Der Strahl,Die Strahlen
Castle,Die Burg,Die Schl�sser
Rush,Der Ansturm,Die Binsen
Lane,Die Fahrspur,Die Bahnen
Clothing,Die Bekleidung,Die Garnituren
Pole,Der Pol,Die Pole
Freedom,Die Freiheit,Die Freiheiten
Skill,Das K�nnen,Die F�higkeiten
Passion,Die Leidenschaft,Die Leidenschaften
Activity,Die Aktivit�t,Die Aktivit�ten
Fuck,Zum Teufel,Die Fickt
Platform,Die Platform,Die Plattformen
Salt,Das Salz,Die Salze
Bike,Das Fahrrad,Die Fahrr�der
Stack,Der Stapel,Die Stapel
Companion,Der Begleiter,Die Gef�hrten
Fate,Das Schicksal,Die Schicksale
Rage,Die Wut,Die W�tet
Supply,Die Versorgung,Die Lieferungen
Whale,Der Wal,Die Wale
Pig,Das Schwein,Die Schweine
Rabbit,Der Hase,Die Hasen
Aisle,Der Gang,Die G�nge
Monitor,Der Bildschirm,Die Monitore
Helmet,Der Helm,Die Helme
Respect,Der Respekt,Die Beziehung
Excitement,Die Aufregung,Die Aufregungen
Lobby,Die Lobby,Die Lobbys
Boyfriend,Der Freund,Die Freunde
Fur,Das Fell,Die Felle
Range,Der Bereich,Die Bereiche
Dick,Die Dick,Die Schw�nze
Code,Der Code,Die Codes
Chapter,Das Kapitel,Die Kapitel
Reflection,Die Reflexion,Die Reflexionen
Mail,Die Post,Die EMails
Fly,Der Flug,Die Fliegen
Cabinet,Das Kabinett,Die Schr�nke
Toy,Das Spielzeug,Die Spielzeuge
Baseball,Die Baseball,The Baseballs
Inside,Das Innere,Die Innenseiten
Pace,Die Geschwindigkeit,Die Schritte
Handle,Der Griff,Die Griffe
Lead,Die F�hrung,Die Zuleitungen
Amount,Die Summe,Die Betr�ge
Nerve,Der Nerv,Die Nerven
Terror,Der Schrecken,Die Schrecken
Sweater,Der Pullover,Die Pullover
Quality,Die Qualit�t,Die Qualit�ten
Hunter,Der J�ger,Die J�ger
Paint,Die Farbe,Die Anstriche
Buster,Die Buster,The Busters
Cotton,Die Baumwolle,Die Baumwollstoffe
Sergeant,Der Wachtmeister,Die Feldwebel
Credit,Der Kredit,Die Kredite
Blow,Der Schlag,Die Schl�ge
Devil,Der Teufel,Die Teufel
Threat,Die Bedrohung,Die Drohungen
Success,Der Erfolg,Erfolge
Eve,Dem Vorabend,Die Eves
Cable,Das Kabel,Die Kabel
Pan,Die Pfanne,Die Pfannen
Clerk,Der Angestellte,Die Schreiber
Title,Den Titel,Die Titel
Meter,Das Messger�t,Die Z�hler
Shame,Die Schande,Die Schande
Needle,Die Nadel,Die Nadeln
Lung,Die Lunge,Die Lungen
Warrior,Der Krieger,Die Krieger
Circumstance,Der Umstand,Die Umst�nde
Studio,Das Studio,Die Studios
Panic,Die Panik,Die Panik
Lack,Der Mangel,Das Fehlt
Farmer,Der Bauer,Die Bauern
Accent,Der Akzent,Die Akzente
Bomb,Die Bombe,Die Bomben
Panel,Die Platte,Die Paneele
Ability,Die F�higkeit,Die Das K�nnen
Fortune,Das Gl�ck,Die Geschicke
Victor,Der Sieger,Die Sieger
Feather,Die Feder,Die Federn
Grandma,Die Oma,Die Gro�m�tter
Glow,Das Gl�hen,Die Gl�ht
Behavior,Das Verhalten,Die Verhaltensweisen
Passage,Der Durchgang,Die Durchg�nge
Slave,Die Slave,Die Sklaven
Lieutenant,Der Leutnant,Die Leutnants
Barrel,Der Lauf,Die F�sser
Warmth,Die W�rme,Die Warmths
Impression,Der Eindruck,Die Eindr�cke
Mason,Der Maurer,Die Maurer
Bride,Die Braut,Die Br�ute
Package,Das Paket,Die Pakete
Fog,Der Nebel,Die Nebel
Walking,Das Gehen,Die Wanderungen
Balance,Die Balance,Die Salden
Sock,Die Socke,Die Socken
Robot,Der Roboter,Die Roboter
Potato,Die Kartoffel,Die Kartoffeln
Item,Der Gegenstand,Die Gegenst�nde
Bath,Das Bad,Die B�der
Diamond,Der Diamant,Die Diamanten
Corpse,Die Leiche,Die Leichen
Explanation,Die Erkl�rung,Die Erl�uterungen
Structure,Die Struktur,Die Strukturen
Exit,Der Ausgang,Die Ausg�nge
Pad,Das Pad,Die Pads
Stove,Der Herd,Die �fen
Blue,Das Blaue,Der Blues
American,Die Amerikaner,Die Amerikaner
Ruby,Der Rubin,Die Rubinen
Lightning,Der Blitz,Blitze
Pit,Die Grube,Die Gruben
Colonel,Der Oberst,Die Obersten
Dock,Das Dock,Die Docks
Creek,Der Bach,Die B�che
Advice,Der Ratschlag,Die Ratschl�ge
Tourist,Der Tourist,Die Touristen
Grief,Die Trauer,Die Schmerzen
Defense,Die Verteidigung,Die Abwehrkr�fte
Bite,Der Biss,Die Bisse
Museum,Das Museum,Die Museen
Favor,Die Gunst,Wohltaten
Supper,Das Abendessen,Die Abendessen
Comfort,Der Komfort,Komfort
Dean,Der Dekan,Die Dekane
Value,Der Wert,Die Werte
March,Der Marsch,Die M�rsche
Estate,Das Anwesen,Die St�nde
Poet,Der Poet,Die Dichter
Palace,Der Palast,Die Pal�ste
Soup,Die Suppe,Die Suppen
Nation,Die Nation,Die Nationen
Jar,Das Gef�ss,Die Gl�ser
Standing,Der St�ndige,Die Tabellenf�hrung
Sack,Der Sack,Die S�cke
Demon,Der D�mon,Die D�monen
Conference,Die Konferenz,Die Konferenzen
Juice,Der Saft,Die S�fte
Responsibility,Die Verantwortung,Die Zust�ndigkeiten
Brush,Der Pinsel,Die B�rsten
Route,Die Route,Die Strecken
Cheese,Der K�se,Die K�se
Hood,Die Haube,Die Hauben
Duck,Die Ente,Die Ente
Saint,Der Heilige,Die Heiligen
Pass,Der Pass,Die P�sse
Target,Das Ziel,Die Ziele
Orange,Die Orange,Die Orangen
Culture,Die Kultur,Die Kulturen
Tour,Die Reise,Die Touren
Commander,Der Kommandant,Die Kommandeure
Hook,Der Haken,Die Haken
Mist,Der Nebel,Die Nebel
Training,Das Training,Die Trainings
Search,Die Suche,Die Suche
Coin,Die M�nze,Die M�nzen
Miracle,Das Wunder,Die Wunder
Advantage,Der Vorteil,Die Vorteile
Exchange,Der Austausch,Die B�rsen
Fiction,Die Fiktion,Fiktionen
Pond,Der Teich,Die Teiche
Assistant,Der Assistent,Die Assistenten
Design,Das Design,Die Entw�rfe
Fishing,Die Angel,Die Fishings
Slope,Die Piste,Die Pisten
Earl,Der Graf,Die Grafen
Comment,Kommentar,Kommentare
Waiter,Der Kellner,Die Kellner
Grocery,Von Lebensmittel,Die Lebensmittel
Ladder,Die Leiter,Die Leitern
Curve,Die Kurve,Die Kurven
Volume,Das Volumen,Die Volumina
Risk,Das Risiko,Die Risiken
Nightmare,Der Albtraum,Die Alptr�ume
Existence,Die Existenz,Die Existenzen
Trace,Die Spur,Die Spuren
Disease,Die Krankheit,Die Krankheiten
Support,Die Unterst�tzung,Die St�tzen
Witness,Der Zeuge,Die Zeugen
Stock,Die Aktie,Die Best�nde
Device,Das Ger�t,Die Vorrichtungen
Landscape,Die Landschaft,Die Landschaften
Holiday,Der Urlaub,Die Feiertage
Ace,Das Ass,Die Asse
Piano,Das Klavier,Die Klaviere
Gut,Die Eingeweide,Die Eingeweide
Talent,Das Talent,Die Talente
Imagination,Die Phantasie,Die Vorstellungen
Black,Die Schwarze,Die Schwarzen
Reed,Der Reed,Das Schilf
Lid,Der Deckel,Die Deckel
Hint,Der Hinweis,Die Hinweise
Walker,Der Wanderer,Die Wanderer
Chill,Die K�lte,Sch�ttelfrost
Trial,Die Studie,Die Pr�fungen
Interview,Das Interview,Die Interviews
Approach,Der Ansatz,Die Ans�tze
Scar,Die Narbe,Die Narben
Fashion,Die Mode,Die Mode
Channel,Der Kanal,Die Kan�le
Footstep,Die Tritt,Die Schritte
Pickup,Der Aufnehmer,Die Pickups
Hawk,Der Habicht,Die Falken
Trailer,Der Anh�nger,Die Anh�nger
Statue,Die Statue,Die Statuen
Pill,Die Pille,Die Pillen
Bug,Der K�fer,Die Bugs
Bucket,Der Eimer,Die Eimer
Vacation,Den Urlaub,Die Urlaub
Species,Die Arten,Die Specieses
Column,Die Kolumne,Die Spalten
Damage,Der Schaden,Die Sch�den
Instrument,Das Instrument,Die Instrumente
Port,Der Hafen,Die Ports
Layer,Die Schicht,Die Schichten
Strip,Der Streifen,Die Streifen
Garbage,Der M�ll,Die Garbages
Rib,Die Rippe,Die Rippen
Notebook,Das Notebook,Die Notizb�cher
Corn,Der Mais,Die H�hneraugen
Offer,Das Angebot,Die Angebote
Drawing,Die Zeichnung,Die Zeichnungen
Statement,Die Aussage,Die Aussagen
Intelligence,Die Intelligenz,Die Intelligenzen
Excuse,Die Entschuldigung,Die Ausreden
Landing,Die Landung,Die Landungen
Copyright,Der Urheberrechts,Die Urheberrechte
Rod,Die Stange,Die St�be
Fantasy,Die Fantasie,Die Phantasien
Curiosity,Die Neugier,Die Kuriosit�ten
Gown,Das Kleid,Die Kleider
Border,Die Grenze,Die Grenzen
Poetry,Die Poesie,Die Dichtungen
Firm,Die Firma,Die Firmen
Rise,Der Aufgang,Der Anstieg
Handful,Die Handvoll,Die H�nde Voll
China,Die China,Die Chinas
French,Die Franzosen,Die Frenches
Mean,Die Durchschnitts,Die Mittel
Deer,Das Reh,Die Hirsche
Print,Die Druck,Die Drucke
Rail,Die Schiene,Die Schienen
Rate,Die Rate,Die Preise
Courage,Der Mut,Die Courages
Arrival,Die Ankunft,Die Ank�nfte
Wish,Der Wunsch,W�nsche
Ridge,Der Grat,Die Grate
Idiot,Der Idiot,Die Idioten
Bull,Der Bulle,Die Bullen
Seed,Die Saat,Die Samen
Progress,Der Fortschritt,Die Fortschritte
Feel,Das Gef�hl,Es F�hlt Sich An
Shorts,Die Shorts,Die Shortses
Citizen,Der B�rger,Die B�rger
Trash,Der M�ll,Die Trashes
Log,Das Protokoll,Die Protokolle
Patience,Die Geduld,Die Patiencen
Bat,Die Fledermaus,Die Flederm�use
Football,Der Fu�ball,Die Fu�b�lle
Routine,Die Routine,Die Routinen
Explosion,Die Explosion,Die Explosionen
Content,Der Inhalt,Die Inhalte
Scientist,Der Wissenschaftler,Die Wissenschaftler
Failure,Das Versagen,Die Ausf�lle
Sin,Die S�nde,Die S�nden
Butt,Der Hintern,Die F��e
Confusion,Die Verwirrung,Die Verwirrungen
Understanding,Das Verst�ndnis,Die Absprachen
Trade,Der Handel,Das Handwerk
Refrigerator,Der K�hlschrank,Die K�hlschr�nke
Mister,Der Herr,Die Misters
Flashlight,Die Taschenlampe,Die Taschenlampen
Net,Das Internet,Die Netze
Sailor,Der Seemann,Die Matrosen
Attitude,Die Attit�de,Die Haltungen
Guilt,Die Schuld,Die Schuldgef�hle
Crying,Das Weinen,Die Geschrei
Sip,Die Sip,Sips
Travel,Die Reise,Die Reisen
Cookie,Der Keks,Die Kekse
Escape,Die Flucht,Die Fluchten
Instruction,Die Anleitung,Die Anleitungen
Fabric,Das Gewebe,Die Stoffe
Marble,Der Marmor,Die Murmeln
Glimpse,Der Blick,Die Einblicke
Dusk,Die D�mmerung,Die D�mmerungen
Cottage,Die H�tte,Die Ferienh�user
Monkey,Der Affe,Die Affen
Makeup,Das Makeup,Die MakeUps
Doc,Die Doc,Die Docs
Blouse,Die Bluse,Die Blusen
Rhythm,Der Rhythmus,Die Rhythmen
Steam,Der Dampf,Die D�mpfe
Phrase,Der Satz,Die Phrasen
Nut,Die Mutter,Die Muttern
Pencil,Der Bleistift,Die Stifte
Cook,Der Koch,Die K�che
Flag,Die Flagge,Die Fahnen
Coach,Der Trainer,Die Trainer
Swing,Die Schaukel,Die Schaukeln
Speaker,Der Lautsprecher,Die Lautsprecher
Bolt,Der Bolzen,Die Bolzen
Fat,Das Fett,Die Fette
Rug,Der Teppich,Die Teppiche
Knock,Die Klopf,Die Schl�ge
Spell,Der Zauber,Die Zauberspr�che
Taxi,Das Taxi,Die Taxis
Round,Die Runde,Die Runden
Straw,Der Strohhalm,Die Halme
Hatch,Die Luke,Die Luken
Fork,Die Gabel,Die Gabeln
Evil,Das B�se,Die �bel
Maid,Das Dienstm�dchen,Die Zimmerm�dchen
Relative,Die Relative,Die Verwandten
Witch,Die Hexe,Die Hexen
Courtyard,Der Hof,Die H�fe
Sensation,Die Sensation,Die Empfindungen
Bubble,Die Blase,Die Blasen
Reader,Der Leser,Die Leser
Curl,Die Locke,Die Locken
Pie,Der Kuchen,Die Torten
Jet,Der Strahl,Die Jets
Shift,Die Verschiebung,Die Verschiebungen
Union,Die Union,Die Gewerkschaften
Teenager,Der Teenager,Die Teenager
Plain,Die Ebene,Die Ebenen
Waitress,Die Kellnerin,Die Kellnerinnen
Reply,Die Antwort,Die Antworten
Rumor,Das Ger�cht,Ger�chte
Gravity,Die Schwerkraft,Die Gewichte
Shelter,Die Zuflucht,Die Unterst�nde
Adventure,Das Abenteuer,Die Abenteuer
Lion,Der L�we,Die L�wen
Spine,Die Wirbels�ule,Die Stacheln
Confidence,Das Vertrauen,Die Vertraulichkeiten
Depth,Die Tiefe,Die Tiefen
Reach,Die Reichweite,Die Reichweiten
Hammer,Der Hammer,Die H�mmer
Bible,Die Bibel,Die Bibeln
Contract,Der Vertrag,Die Vertr�ge
Wallet,Der Geldbeutel,Die Brieftaschen
Jungle,Der Dschungel,Die Dschungel
Factory,Die Fabrik,Die Fabriken
Indian,Die Indische,Die Indianer
Balcony,Der Balkon,Die Balkone
Rice,Der Reis,Die Reis
Knot,Der Knoten,Die Knoten
Cord,Die Schnur,Die Schn�re
Colleague,Der Kollege,Die Kollegen
Intention,Die Absicht,Die Absichten
Stare,Die Stare,Die Blicke
Motel,Das Motel,Die Motels
Attorney,Der Anwalt,Die Anw�lte
Darling,Der Liebling,Die Lieblinge
Discussion,Die Diskussion,Die Diskussionen
Atmosphere,Atmosph�re,Die Atmosph�ren
Performance,Die Leistung,Die Auff�hrungen
Tension,Die Spannung,Die Spannungen
Text,Der Text,Die Texte
Strand,Der Strang,Die Litzen
Noon,Die Mittags,Die Noons
Vein,Die Vene,Die Venen
Expert,Der Experte,Die Experten
Gang,Die Gruppe,Die Banden
Policeman,Der Polizist,Die Police
Cancer,Der Krebs,Die Krebs
Fox,Der Fuchs,Die Foxs
Divorce,Die Scheidung,Die Scheidungen
Pulse,Die Impuls,Die Pulse
Absence,Die Abwesenheit,Die Abwesenheiten
Violence,Die Gewalt,Die Gewalten
Humor,Der Humor,Die K�rpers�fte
Stool,Der Stuhl,Die St�hle
Gravel,Der Kies,Die Kiese
Treasure,Der Schatz,Sch�tze
Butter,Die Butter,Die Butter
Switch,Der Schalter,Die Schalter
Cigar,Die Zigarre,Die Zigarren
Canvas,Die Leinwand,Die Leinw�nde
Happiness,Die Fr�hlichkeit,Die Seligkeiten
Guide,Der F�hrer,Die F�hrungen
Pin,Der Stift,Die Stifte
Actor,Der Schauspieler,Die Akteure
Whole,Das Ganze,Die L�cher
Arrangement,Die Vereinbarung,Die Vereinbarungen
Brown,Die Braune,Die Braunt�ne
Host,Der Gastgeber,Die Gastgeber
Ribbon,Das Farbband,Die B�nder
Scarf,Der Schal,Die Schals
Scale,Die Skala,Die Waagen
Proof,Der Beweis,Die Beweise
Arrow,Der Pfeil,Die Pfeile
Temperature,Die Temperatur,Die Temperaturen
Technology,Die Technologie,Technologien
Permission,Die Erlaubnis,Die Berechtigungen
Location,Der Ort,Die Standorte
Claw,Die Klaue,Die Krallen
Cowboy,Der Cowboy,Die Cowboies
Agency,Die Agentur,Die Agenturen
Construction,Die Konstruktion,Die Konstruktionen
Hunting,Das Jagd,Die Jagden
Vegetable,Das Gem�se,Das Gem�se
Tin,Die Dose,Die Dosen
Helicopter,Der Hubschrauber,Die Hubschrauber
Trap,Die Falle,Die Fallen
Pat,Das Pat,Die Streicheleinheiten
Gap,Die L�cke,Die L�cken
Pet,Das Haustier,Die Haustiere
Education,Die Bildung,Die Ausbildungen
Shopping,Das Einkaufen,Die Eink�ufe
Shed,Der Schuppen,Die Schuppen
Agreement,Die Vereinbarung,Vereinbarungen
Soil,Die Erde,Die B�den
Duke,Der Herzog,Die Herz�ge
Shotgun,Die Schrotflinte,Die Schrotflinten
Notion,Die Vorstellung,Die Begriffe
Rear,Es Gibt,Die Hintern
Ceremony,Die Zeremonie,Die Zeremonien
Spoon,Der L�ffel,Die L�ffel
Tub,Die Wanne,Die Wannen
Clue,Der Schl�ssel,Die Hinweise
Iris,Die Iris,Die Iris
Incident,Der Vorfall,Die Vorf�lle
Crash,Der Absturz,Die Abst�rze
Journal,Das Tagebuch,Die Zeitschriften
Access,Die Zugriffs,Die Zugriffe
Brass,Erz,Die Brasses
Mommy,Die Mama,Die Mamas
Sidebar,Die Seitenleiste,Die Seitenleisten
Sheep,Das Schaf,Die Schafe
Engineer,Der Ingenieur,Die Ingenieure
Hull,Der Rumpf,Die R�mpfe
Odor,Der Geruch,Die Ger�che
Appointment,Der Termin,Die Termine
Invitation,Die Einladung,Die Einladungen
Rag,Die Lappen,Die Lumpen
Good,Das Gute,Die G�ter
Dude,Der Kumpel,Die Dudes
Treatment,Die Behandlung,Behandlungen
Wisdom,Die Weisheit,Die Weisheiten
Prize,Der Preis,Die Preise
Element,Das Element,Die Elemente
Giant,Der Gigant,Die Riesen
Napkin,Die Serviette,Die Servietten
Laundry,Die W�sche,Die W�schereien
Option,Die Option,Die Optionen
Rack,Das Regal,Die Zahnstangen
Request,Die Anforderung,Die Anfragen
Jail,Das Gef�ngnis,Die Gef�ngnisse
Grandpa,Der Opa,Die Gro�v�ter
Ranch,Die Ranch,Die Ranches
Dot,Der Punkt,Die Punkte
Script,Das Skript,Die Skripte
Mall,Die Einkaufshalle,Die Einkaufszentren
Ford,Der Ford,Die Furten
Exercise,Die �bung,Die �bungen
Widow,Die Witwe,Die Witwen
Crow,Die Kr�he,Die Kr�hen
Thread,Der Faden,Die F�den
Suicide,Die Selbstmord,Die Selbstmorde
Notice,Die Notiz,Die Bekanntmachungen
Sunset,Der Sonnenuntergang,Die Sonne Geht Unter
Gallery,Die Gallerie,Die Galerien
Vessel,Das Schiff,Die Gef��e
Thunder,Der Donner,Der Donner
Soap,Die Seife,Seifen
Whiskey,Der Whisky,Die Whiskys
Female,Das Weibchen,Die Weibchen
Mayor,Der B�rgermeister,Die B�rgermeister
Stroke,Der Hub,Die Striche
Click,Der Klick,Die Klicks
Reputation,Der Ruf,Der Ruf
Miller,Der M�ller,Die M�ller
Council,Der Rat,Die R�te
Schedule,Der Stundenplan,Der Spielplan
Cemetery,Der Friedhof,Die Friedh�fe
Struggle,Der Kampf,Die K�mpfe
Instinct,Der Instinkt,Die Instinkte
Calm,Die Ruhe,Die Beruhigt
Employee,Der Arbeitnehmer,Die Angestellten
Nest,Das Nest,Die Nester
Limit,Das Limit,Die Grenzwerte
German,Der Deutsche,Die Deutschen
Monk,Der M�nch,Die M�nche
Worm,Der Wurm,Die W�rmer
Document,Das Dokument,Die Dokumente
Sadness,Die Traurigkeit,Die Traurigkeiten
Hut,Die H�tte,Die H�tten
Lifetime,Die Lebensdauer,Die Lebensdauern
Dancer,Die T�nzerin,Die T�nzer
Insurance,Die Versicherung,Die Versicherungen
Difficulty,Die Schwierigkeit,Die Schwierigkeiten
Mattress,Die Matratze,Die Matratzen
Male,Der Mann,Die M�nnchen
Clinic,Die Klinik,Die Kliniken
Ad,Die Ad,Die Anzeigen
Mug,Der Becher,Die Becher
Kit,Das Kit,Die Kits
Communication,Die Kommunikation,Die Kommunikations
Disaster,Das Ungl�ck,Die Katastrophen
Tile,Die Fliese,Die Fliesen
Receiver,Der Empf�nger,Die Empf�nger
Roar,Das Gebr�ll,Die Br�llt
Troop,Die Truppe,Die Truppen
Coffin,Der Sarg,Die S�rge
Friendship,Die Freundschaft,Die Freundschaften
Investigation,Die Ermittlung,Die Untersuchungen
Sale,Der Verkauf,Die Verk�ufe
Goal,Das Ziel,Die Ziele
Ambulance,Der Krankenwagen,Die Krankenwagen
Moonlight,Das Mondlicht,Die Mondlicht
Ward,The Ward,Die Schutzzauber
Trousers,Die Hosen,Die Trouserses
Wool,Die Wolle,Die Wolle
Mac,Die Mac,Die Macs
Minister,Der Minister,Die Minister
Entry,Der Eintritt,Die Eintr�ge
Thief,Der Dieb,Die Diebe
Briefcase,Die Aktentasche,Die Aktentaschen
Pity,Das Mitleid,Die Bemitleidet
Fingertip,Die Finger,Die Fingerspitzen
Navy,Die Marine,Die Marinen
Insect,Das Insekt,Die Insekten
Velvet,The Velvet,Die Samt
Bee,Die Biene,Die Bienen
Cane,Der Stock,Die St�cke
Gene,Das Gen,Die Gene
Salad,Der Salat,Die Salate
Windshield,Die Windschutzscheibe,Die Windschutzscheiben
Outfit,Das Outfit,Die Outfits
Shuttle,Der Shuttle,Die Shuttles
Shout,Der Schrei,Die Rufe
Fury,Die Wut,Die Furien
Challenge,Die Herausforderung,Die Herausforderungen
Satisfaction,Die Zufriedenheit,Die Zufriedenheiten
Motor,Der Motor,Die Motoren
Product,Das Produkt,Die Produkte
Weed,Das Unkraut,Das Unkraut
Stretch,Die Strecke,Die Strecken
Gym,Das Fitnesscenter,Die FitnessStudios
Capital,Das Kapital,Die Hauptst�dte
Rim,Der Rand,Die Felgen
Paw,Die Pfote,Die Pfoten
Fort,Die Festung,Die Forts
Cost,Die Kosten,Die Kosten
Poster,Das Plakat,Die Poster
Vampire,Der Vampir,Die Vampire
Shaft,Die Welle,Die Wellen
Identity,Die Identit�t,Die Identit�ten
Pavement,Der B�rgersteig,Die B�rgersteige
Asshole,Das Arschloch,Die Arschl�cher
Strap,Der Gurt,Die Gurte
Parlor,Das Wohnzimmer,Die Stuben
Harbor,Der Hafen,Die H�fen
Example,Das Beispiel,Beispiele
Web,Das Netz,Die Stege
Golf,Der Golf,Die Golfpl�tze
Crap,Den Mist,Schei�t
Delight,Die Freude,Die Freuden
Quilt,Die Decke,Diese Decken
Tax,Die Steuer,Die Taxs
Fold,Die Falte,Die Falten
Portrait,Das Portr�t,Die Portr�ts
Tissue,Das Gewebe,Die Gewebe
Belief,Der Glaube,Die �berzeugungen
Costume,Das Kost�m,Die Kost�me
Measure,Das Ma�,Ma�nahmen
Carriage,Der Wagen,Die Wagen
Guitar,Die Gitarre,Die Gitarren
Knight,Der Ritter,Die Ritter
Rank,Der Rang,Die Reihen
Major,Der B�rgermeister,Die Majors
Fountain,Der Brunnen,Die Brunnen
Stall,Der Stall,Die St�nde
Load,Die Ladung,Die Lasten
Spark,Der Funke,Die Funken
Waste,Der M�ll,Die Abf�lle
Champagne,Der Champagner,Die Champagner
District,Das Viertel,Die Bezirke
Protection,Der Schutz,Die Schutz
Judgment,Das Urteil,Die Urteile
Sympathy,Die Sympathie,Die Sympathien
Violet,Das Violett,Die Veilchen
Impact,Der Aufprall,Die Auswirkungen
Disappointment,Die Entt�uschung,Die Entt�uschungen
Drinking,Das Trink,Die Drinkings
Consciousness,Das Bewusstsein,Die Bewussts
Handkerchief,Das Taschentuch,Die Taschent�cher
Dancing,Das Tanzen,Die Dancings
Perfume,Das Parf�m,Die D�fte
Network,Das Netzwerk,Die Netzwerke
Claim,Der Anspruch,Die Anspr�che
Nun,Die Nonne,Die Nonnen
Crown,Die Krone,Die Kronen
Railing,Das Gel�nder,Die Gel�nder
License,Die Lizenz,Die Lizenzen
Mercy,Die Barmherzigkeit,Die Barmherzigkeit
Balloon,Der Ballon,Die Ballons
Chaos,Das Chaos,Die Chaoses
Fever,Das Fieber,Die Fieber
Locker,Das Schlie�fach,Die Schlie�f�cher
Session,Die Sitzung,Die Sitzungen
Burst,Die Burst,Die Bursts
Peak,Der Spitzer,Die Peaks
Drum,Die Trommel,Die Trommeln
Focus,Der Fokus,Die Schwerpunkte
Frog,Der Frosch,Die Fr�sche
Benefit,Der Vorteil,Die Vorteile
Remark,Die Bemerkung,Die Bemerkungen
Tide,Die Gezeiten,Die Gezeiten
Suspicion,Der Verdacht,Der Verdacht
Jeep,Der Jeep,Die Jeeps
Worry,Die Sorge,Die Sorgen
Literature,Die Literatur,Die Literaturen
Archer,Der Bogensch�tze,Die Bogensch�tzen
Household,Der Haushalt,Die Haushalte
Powder,Das Pulver,Die Pulver
Shepherd,Der Hirte,Die Hirten
Lens,Die Linse,Die Linsen
Favorite,Der Favorit,Die Favoriten
Madame,Die Madame,Die Madames
Mansion,Die Villa,Die Herrenh�user
Boom,Der Boom,Die Ausleger
Lace,Die Spitze,Die Schn�rsenkel
Review,Die �berpr�fung,Die Bewertungen
Reception,Die Rezeption,Die Empf�nge
Scrap,Der Schrott,Die Fetzen
Bead,Der Wulst,Die Perlen
Glare,Die Blendung,Die Blicke
Flow,Die Str�mung,Die Str�me
Cafe,Das Cafe,Die Caf�s
Status,Der Status,Die Zust�nde
Pounding,Das Pochen,Die Poundings
Rocket,Die Rakete,Die Raketen
Canyon,Die Schlucht,Die Schluchten
Sorrow,Die Trauer,Die Leiden
Spider,Die Spinne,Die Spinnen
Blast,Die Explosion,Die Blasten
Personality,Die Pers�nlichkeit,Die Pers�nlichkeiten
Campus,Der Campus,Die Campus
Curse,Der Fluch,Die Fl�che
Staircase,Das Treppenhaus,Die Treppenh�user
Urge,Der Drang,Die Triebe
Frustration,Die Frustration,Die Frustrationen
Pump,Die Pumpe,Die Pumpen
Ease,Die Leichtigkeit,Die Kungen
Count,Die Z�hlung,Die Grafen
Solution,Die L�sung,Die L�sungen
Jewelry,Der Schmuck,Die Schmuck
Siren,Die Sirene,Die Sirenen
Hit,Der Schlag,Die Treffer
Tradition,Die Tradition,Die Traditionen
Curb,Das Leer,Die Bordsteine
Variety,Die Vielfalt,Die Sorten
Pirate,Der Pirat,Die Piraten
Description,Die Beschreibung,Beschreibungen
Dear,Der Liebe,Die Lieben
Anxiety,Die Angst,Die �ngste
Pitch,Die Tonh�he,Die Stellpl�tze
Pizza,Die Pizza,Die Pizzas
Elephant,Der Elefant,Die Elefanten
Politics,Die Politik,Die Politicses
Tennis,Der Tennis,Die Tennises
Hunger,Der Hunger,Die Hungert
Genius,Das Genie,Die Genies
Goat,Die Ziege,Die Ziegen
Victory,Der Sieg,Die Siege
Combination,Die Kombination,Kombinationen
Affiliation,Die Zugeh�rigkeit,Die Zugeh�rigkeiten
Momma,Das Momma,Die Mommas
Cape,Der Umhang,Die Umh�nge
Headlight,Der Scheinwerfer,Die Scheinwerfer
Governor,Der Gouverneur,Die Gouverneure
Oxygen,Die Sauerstoff,Sauerstoffe
Bishop,Der Bischof,Die Bisch�fe
Bundle,Das B�ndel,Die B�ndel
Development,Die Entwicklung,Die Entwicklungen
Fingernail,Der Fingernagel,Die Fingern�gel
Score,Die Punktzahl,Die Noten
Mate,Der Steuermann,Die Mates
Rider,Der Fahrer,Die Fahrer
Orbit,Die Umlaufbahn,Die Bahnen
Vine,Der Weinstock,Die Reben
Suite,Die Suite,Die Suiten
Bartender,Der Barkeeper,Die Barkeeper
Coke,Der Koks,Die Kokse
Tune,Die Melodie,Die Melodien
Glory,Die Herrlichkeit,Die Herrlichkeiten
Rabbi,Der Rabbi,Die Rabbiner
Surgery,Die Operation,Die Operationen
Cattle,Das Vieh,Die Rinder
Ritual,Das Ritual,Die Rituale
Greeting,Die Begr��ung,Die Gr��e
Slice,Die Scheibe,Die Scheiben
Homer,Die Homer,Die Home Runs
Fireplace,Der Kamin,Die Kamine
Jersey,Das Trikot,Die Trikots
Media,Die Medien,Die Medien
Pop,Die Pop,The Pops
Cargo,Die Fracht,Die Ladungen
Inn,Das Gasthaus,Die Gasth�fe
Deputy,Der Stellvertretende,Die Abgeordneten
Despair,Die Verzweiflung,Die Verzweiflungen
Territory,Das Territorium,Die Gebiete
Punch,Der Schlag,Die Stempel
Jazz,Die Jazz,Die Jazzs
Hug,Die Umarmung,Die Umarmungen
Whistle,Die Pfeife,Die Pfeifen
Humanity,Die Menschlichkeit,Geisteswissenschaften
Craft,Das Handwerk,Das Handwerk
Daylight,Das Tageslicht,Die Daylighies
Worth,Der Wert,Die Inneren Werte
Slip,Der Slip,Die Schieber
Armor,Die R�stung,Die R�stungen
Backpack,Der Rucksack,Die Rucks�cke
Suggestion,Der Vorschlag,Die Vorschl�ge
Den,Die H�hle,Dens
Symbol,Das Symbol,Die Symbole
Colony,Die Kolonie,Die Kolonien
Conclusion,Das Fazit,Die Schlussfolgerungen
Nostril,Das Nasenloch,Die Nasenl�cher
Spear,Der Speer,Die Speere
Impulse,Der Impuls,Die Impulse
Tomato,Die Tomate,Die Tomaten
Calf,Das Kalb,Die K�lber
Autumn,Der Herbst,Die Herbste
Discovery,Der Fund,Die Entdeckungen
Classroom,Das Klassenzimmer,Die Klassenzimmer
Delivery,Die Lieferung,Die Einteilungen
Spray,Das Spray,Die Spraies
Liquid,Die Fl�ssigkeit,Die Fl�ssigkeiten
Fuel,Die Kraftstoff,Die Kraftstoffe
Underwear,Die Unterw�sche,Die Unterw�sche
Dome,Die Kuppel,Die Kuppeln
Population,Die Bev�lkerung,Die Populationen
Affection,Die Neigung,Die Neigungen
Religion,Die Religion,Die Religionen
Singer,Der S�nger,Die S�nger
Attendant,Der Begleiter,Die Teilnehmer
Illusion,Die Illusion,Die Illusionen
Link,Der Link,Links
Lounge,Das Wohnzimmer,Die Lounges
Interior,Der Innenraum,Die Innenr�ume
Shrug,Die Achselzucken,Die Zuckt Mit Den Schultern
Zone,Die Zone,Die Zonen
Standard,Der Standard,Die Standards
Coal,Die Kohlen,Die Kohlen
Chase,Die Jagd,Die Verfolgungsjagden
Lump,Der Klumpen,Die Klumpen
Charm,Der Charm,Der Charme
Legend,Die Legende,Die Legenden
Consequence,Die Konsequenz,Die Konsequenzen
Observation,Die Beobachtung,Die Beobachtungen
Bicycle,Das Fahrrad,Die Fahrr�der
Harm,Der Schaden,Die Sch�den
Pay,Die Zahlung,Das Zahlt
Prospect,Das Prospekt,Die Aussichten
Subway,Die UBahn,Die UBahnen
Sample,Das Muster,Die Beispiele
Cherry,Die Kirsche,Die Kirschen
Dealer,Der H�ndler,Die H�ndler
Assignment,Die Zuordnung,Die Zuordnungen
Hurry,Die Eile,Die Eilt
Mistress,Die Geliebte,Die M�tressen
Mound,Der H�gel,Die H�gel
Nonsense,Der Unsinn,Die Unsinn
Committee,Das Komitee,Die Aussch�sse
Echo,Das Echo,Die Echos
Slack,Der Durchhang,Die Hose
Decker,Die Decker,Die Decker
Warehouse,Das Warenhaus,Die Lagerh�user
Bout,Der Kampf,Die K�mpfe
Toast,Der Toast,Die Toasts
Facility,Die Einrichtung,Die Einrichtungen
Basketball,Der Basketball,Die Basketb�lle
Mustache,Der Schnurrbart,Die Schnurrb�rte
Senator,Der Senator,Die Senatoren
Share,Das Teilen,Die Aktien
Eyelid,Das Augenlid,Die Augenlider
Enthusiasm,Die Begeisterung,Die Begeisterung
Chunk,Die Chunk,Die Brocken
Turtle,Die Schildkr�te,Die Schildkr�ten
Alcohol,Der Alkohol,Die Alkohole
Gum,Die Gummi,Die Gummis
Turkey,Der Truthahn,Die Truth�hne
Preacher,Der Prediger,Die Prediger
Possession,Der Besitz,Die Besitzungen
Dolly,Der Dolly,Die Dollies
Linen,Das Leinen,Die Bettw�sche
Apology,Die Entschuldigung,Die Entschuldigung
Lecture,Der Vortrag,Die Vortr�ge
Boulder,Der Stein,Die Felsbrocken
Heap,Der Heap,Die Haufen
Photographer,Der Fotograf,Die Fotografen
Brake,Die Bremse,Die Bremsen
Demand,Die Nachfrage,Die Forderungen
Apron,Die Sch�rze,Die Sch�rzen
Cloak,Der Mantel,Die Umh�nge
Jury,Die Jury,Jurys
Hearing,Die Anh�rung,Die Anh�rungen
Gray,Das Graue,Die Graut�ne
Crate,Die Kiste,Die Kisten
Method,Die Methode,Methoden
Reference,Die Referenz,Die Verweise
Disgust,Der Ekel,Die Ekelt
Liquor,Die Flotte,Die Flotten
Lipstick,Der Lippenstift,Lippenstifte
Core,Der Kern,Die Kerne
Individual,Der Einzelne,Die Personen
Container,Der Container,Die Beh�lter
Whore,Die Hure,Die Huren
Infant,Das Kleinkind,Die S�uglinge
Sunglasses,Die Sonnenbrille,Die Sunglasseses
Hose,Der Schlauch,Die Schl�uche
Concert,Das Konzert,Konzerte
Bullshit,Das Bullshit,Die Bullshits
Railroad,Die Eisenbahn,Die Eisenbahnen
Parade,Die Parade,Die Paraden
Compartment,Das Fach,Die Abteile
Resident,Der Bewohner,Die Bewohner
Oven,Der Backofen,Die �fen
Technician,Der Techniker,Die Techniker
Procedure,Das Verfahren,Die Verfahren
Fighter,Der K�mpfer,Die K�mpfer
Grain,Das Korn,Die K�rner
Picnic,Das Picknick,Die Picknicks
Tribe,Der Stamm,Die St�mme
Bud,Die Knospe,Die Knospen
Meadow,Die Wiese,Die Wiesen
Public,Die �ffentlichkeit,Die �ffentlichkeit
Poison,Das Gift,Die Gifte
Buffalo,Der B�ffel,Die B�ffel
Region,Die Region,Die Regionen
Production,Die Produktion,Die Produktionen
Running,Das Rennen,Die Vorlauf
Loop,Die Schleife,Die Schlaufen
Sleeping,Der Schlaf,Die �bernachtungspl�tzen
Soda,Die Soda,Die Limonaden
Owl,Die Eule,Die Eulen
Menu,Das Men�,Die Men�s
Kick,Der Kick,Die Tritte
Ruin,Die Ruine,Die Ruinen
Ramp,Die Rampe,Die Rampen
Streak,Der Streifen,Die Streifen
Forearm,Unterarm,Die Unterarme
Bureau,Das B�ro,Die B�ros
Knuckle,Der Achsschenkel,Die Kn�chel
Goose,Die Gans,Die G�nse
Advance,Der Vormarsch,Die Fortschritte
Fairy,Die Fee,Die Feen
Illness,Die Krankheit,Die Krankheiten
Squad,Die Mannschaft,Die Kader
Official,Das Offizielle,Die Beamten
Brand,Die Marke,Die Marken
Organ,Die Orgel,Die Organe
Butterfly,Der Schmetterling,Die Schmetterlinge
Empire,Das Reich,Die Reiche
Profile,Das Profil,Die Profile
Liberty,Die Freiheit,Freiheiten
Disbelief,Der Unglaube,Die Unglauben
Grove,Der Hain,Die Haine
Shield,Das Schild,Die Abschirmungen
Saddle,Der Sattel,Die S�ttel
Odds,Die Chancen,Die Oddses
Cluster,Die Cluster,Die Cluster
Satellite,Der Satellit,Die Satelliten
Trigger,Der Abzug,Die Ausl�ser
Puppy,Der Welpe,Die Welpen
Waiting,Die Warte,Die Erwartungen
Bulb,Die Gl�hbirne,Die Zwiebeln
Dresser,Die Kommode,Die Kommoden
Patrol,Die Patrouille,Die Patrouillen
Eagle,Der Adler,Die Adler
Privacy,Der Privatsph�re,Die Privatsph�ren
Fluid,Das Fluid,Fluide
Herd,Die Herde,Die Herden
Headache,Der Kopfschmerz,Die Kopfschmerzen
Amusement,Der Vergn�gungspark,Vergn�gungen
Wheelchair,Der Rollstuhl,Die Rollst�hle
Policy,Die Richtlinie,Die Politik
Belle,Das Belle,Die Belles
Tobacco,Die Tabak,Die Tabake
Setting,Die Einstellung,Einstellungen
Tattoo,Die T�towierung,Die Tattoos
Burden,Die Last,Die Lasten
Merchant,Der H�ndler,Die Kaufleute
Slide,Die Rutsche,Die Schieber
Stain,Der Fleck,Die Flecken
Eating,Das Essen,Die Eatings
Bond,Die Bindung,Die Anleihen
Swimming,Das Schwimmen,Die Swimming
Foundation,Die Grundlage,Die Grundlagen
Injury,Die Verletzung,Die Verletzungen Haben
League,Die Liga,Die Ligen
Battery,Die Batterie,Die Batterien
Umbrella,Der Regenschirm,Die Sonnenschirme
Emperor,Der Kaiser,Die Kaiser
Pier,Der Pier,Die Pfeiler
Tap,Der Wasserhahn,Die Wasserh�hne
Wit,Der Witz,Die Verstand
Cutter,Der Cutter,Die Schneidwerkzeuge
Attic,Der Dachboden,Die Dachb�den
Tiger,Der Tiger,Die Tiger
Pal,Die Pal,Die Kumpels
Ancestor,Der Vorfahr,Die Vorfahren
Concentration,Die Konzentration,Die Konzentrationen
Mount,Der Berg,Die Halterungen
Expense,Der Aufwand,Die Kosten
Blessing,Der Segen,Die Segnungen
Leave,Der Urlaub,Das Laub
Ledge,Die Leiste,Die Leisten
Torch,Die Fackel,Die Fackeln
Ink,Die Tinten,Die Tinten
Plot,Die Handlung,Die Grundst�cke
Rent,Die Miete,Die Mieten
Mule,Das Maultier,Die Maultiere
Arch,Der Bogen,Die B�gen
Environment,Die Umgebung,Die Umgebungen
Frown,Das Stirnrunzeln,Die Stirn Runzelt
Inspector,Der Inspektor,Die Inspektoren
Midst,Die Mitten,Die Midsts
Embarrassment,Die Verlegenheit,Die Peinlichkeiten
Complaint,Die Beschwerde,Die Beschwerden
Portion,Die Portion,Die Portionen
Chuck,Das Spannfutter,Die Spann
Clearing,Die Clearing,Die Lichtungen
Crisis,Die Krise,Die Krisen
Necklace,Die Halskette,Die Halsketten
Lantern,Die Laterne,Die Laternen
Wealth,Der Reichtum,Die Reicht�mer
Murderer,Der M�rder,Die M�rder
Civilization,Die Zivilisation,Die Zivilisationen
Concept,Das Konzept,Die Konzepte
Lamb,Das Lamm,Die L�mmer
Stride,Die Schritt,Die Fortschritte
Cuff,Die Manschette,Die Manschetten
Virgin,Die Jungfrau,Die Jungfrauen
Squirrel,Das Eichh�rnchen,Die Eichh�rnchen
Babe,Das Kind,Die Babes
Starling,Der Star,Die Stare
Depression,Die Depression,Die Vertiefungen
Storage,Das Speicher,Die Speicher
Altar,Der Altar,Die Alt�re
Tragedy,Die Trag�die,Die Trag�dien
Resource,Die Ressource,Die Mittel
Traveler,Der Reisende,Die Reisenden
Trust,Das Vertrauen,Die Trusts
Arc,Die Bogen,Die B�gen
Kingdom,Das K�nigreich,Die K�nigreiche
Jewel,Das Juwel,Die Juwelen
Musician,Der Musiker,Die Musiker
Airplane,Das Flugzeug,Die Flugzeuge
Junk,Die Junk,Die Dschunken
Sunshine,Der Sonnenschein,Die Sonne Scheint
Lad,Der Knabe,Die Jungs
Elf,Der Elf,Die Elfen
Protest,Der Protest,Die Proteste
Hunt,Die Jagd,Die Jagden
Executive,Die Exekutive,Die F�hrungskr�fte
Diary,Das Tagebuch,Die Tageb�cher
Aspect,Das Aspekt,Die Aspekte
Dial,Das Zifferblatt,Die Zifferbl�tter
Slipper,Der Hausschuh,Die Pantoffeln
Actress,Die Schauspielerin,Die Schauspielerinnen
Shooting,Das Shooting,Die Dreharbeiten
Earring,Der Ohrring,Die Ohrringe
Ant,Die Ameise,Die Ameisen
Patty,Die Patty,Die Bratlinge
Sauce,Die Sauce,Die So�en
Missile,Die Rakete,Die Raketen
Intensity,Die Intensit�t,Die Intensit�ten
Ditch,Der Graben,Die Gr�ben
Daisy,Das G�nsebl�mchen,Das G�nsebl�mchen
Chapel,Die Kapelle,Die Kapellen
Swamp,Der Sumpf,Die S�mpfe
Relation,Die Beziehung,Die Beziehungen
Guess,Die Vermutung,Die Vermutungen
Crane,Der Kran,Die Kr�ne
Encounter,Die Begegnung,Die Begegnungen
Sequence,Die Sequenz,Die Sequenzen
Fragment,Das Fragment,Die Fragmente
Draft,Der Entwurf,Die Entw�rfe
Diner,Das Diner,Diners
Function,Die Funktion,Die Funktionen
Organization,Die Organisation,Die Organisationen
Skeleton,Das Skelett,Die Skelette
Misery,Das Elend,Das Elend
Herb,Das Kraut,Die Kr�uter
Stump,Der Stumpf,Die St�mpfe
Stake,Der Einsatz,Die Eins�tze
Puff,Die Puff,Die Windbeutel
Creation,Die Kreation,Die Kreationen
Wake,Das Gefolge,Die Totenwache
Wizard,Der Zauberer,Die Zauberer
Mat,Die Matte,Die Matten
Seal,Die Dichtung,Die Dichtungen
Twilight,Das Zwielicht,Die D�mmerungen
Grunt,Das Grunzen,Das Grunzen
Punishment,Die Strafe,Die Strafen
Clan,Der Clan,Die Clans
Copper,Das Kupfer,Die Kupfer
Debris,Die Tr�mmer,Die Debrises
Painter,Der Maler,Die Maler
Steering,Das Steuer,Die Lenkungen
Math,Die Mathematik,Die Mathematik
Recognition,Die Erkennung,Die Anerkennungen
Temper,Die Stimmung,Die Gem�ter
Regret,Das Bedauern,Die Reue
Destination,Das Ziel,Die Ziele
Mill,Die M�hle,Die M�hlen
Error,Der Fehler,Die Fehler
Romance,Die Romantik,Die Romane
Topic,Das Thema,Die Themen
Patio,Die Terrasse,Die Innenh�fe
Shovel,Die Schaufel,Schaufeln
Pajamas,Die Schlafanz�ge,Die Pajamases
EMail,Die Email,Die EMails
Pigeon,Die Taube,Die Tauben
Dinosaur,Der Dinosaurier,Die Dinosaurier
Industry,Die Branche,Die Industrie
Operator,Der Betreiber,Die Betreiber
Lift,Der Lift,Die Lifte
Counselor,Der Ratgeber,Die Berater
Gathering,Die Versammlung,Die Versammlungen
Principle,Das Prinzip,Die Grunds�tze
Drama,Das Drama,Die Dramen
Chick,Das K�ken,Die K�ken
Chart,Das Diagramm,Die Charts
Campaign,Die Kampagne,Die Kampagnen
Laurel,Der Lorbeer,Die Lorbeeren
Steak,Das Steak,Die Steaks
Criminal,Der Kriminelle,Die Verbrecher
Globe,Der Globus,Die Kugeln
Bruise,Der Bluterguss,Die Blauen Flecken
Knob,Der Knopf,Die Noppen
Killing,Das T�ten,Die Morde
Sweetheart,Der Schatz,Die Lieblinge
Opera,Die Oper,Die Opern
Frost,Der Frost,Die Fr�ste
Nipple,Der Nippel,Die Brustwarzen
Reverend,Der Pfarrer,Die Pastoren
Haze,Die Tr�bung,Die Tr�bungen
Flood,Das Hochwasser,Die Fluten
Carol,Das Weihnachtslied,Die Weihnachtslieder
Weakness,Die Schw�che,Schw�chen
Cooking,Das Kochen,Die Cookings
Butcher,Der Metzger,Die Metzger
Cube,Der W�rfel,Die W�rfel
Cellar,Der Keller,Die Keller
Hollow,Der Hohl,Die Hohlr�ume
Bump,Der H�cker,Die H�cker
Halt,Der Halt,Die Haltepunkte
Hay,Das Heu,Hays
Bark,Die Rinde,Die Rinden
Survival,Die �berlebens,Die �berreste
Bunk,Die Etagen,Die Kojen
Bend,Die Biegung,Die Biegungen
Approval,Die Freigabe,Die Zulassungen
Division,Der Unternehmensbereich,Die Abteilungen
Cocktail,Der Cocktail,Die Cocktails
Contest,Der Wettbewerb,Die Neuesten Informationen
Paradise,Das Paradies,Die Paradiese
Razor,Das Rasiermesser,Die Rasierer
Catch,Der Fang,Die F�nge
Blossom,Die Bl�te,Die Bl�ten
Puddle,Die Pf�tze,Die Pf�tzen
Electricity,Der Strom,Die Elektricit�ten
Onion,Die Zwiebel,Die Zwiebeln
Laser,Die Laser,Die Laser
Cushion,Das Kissen,Die Kissen
Influence,Der Einfluss,Die Einfl�sse
Jump,Der Sprung,Die Spr�nge
Cement,Der Zement,Die Zemente
Amber,Die Gelbe,The Ambers
Goddess,Die G�ttin,Die G�ttinnen
Shack,The Shack,Die Baracken
Sales,Die Verk�ufe,Die Saleses
Drift,Die Drift,Die Drifts
Fighting,Die K�mpfe,Die K�mpfe
Braid,Das Geflecht,Die Z�pfe
Theme,Das Thema,Die Themen
Dignity,Die W�rde,Die Dignit�t
Lemon,Die Zitrone,Die Zitronen
Clown,Der Clown,Die Clowns
Assault,Der Angriff,Die Angriffe
Goggle,Die Brille,Die Schutzbrillen
Destruction,Die Zerst�rung,Die Zerst�rungen
Exception,Die Ausnahme,Die Ausnahmen
Peach,Der Pfirsich,Die Pfirsiche
Wash,Die Wasch,Die Wasch
Release,Die Befreiung,Die Freigaben
Spy,Der Spion,Die Spione
Tag,Die Tag,Die Tags
Bra,Der Bh,Die Bhs
Debt,Die Schuld,Die Schulden
Terrace,Die Terrasse,Die Terrassen
Remains,Die �berbleibsel,Die Remainses
Logic,Die Logik,Die Logik
Joint,Der Joint,Die Gelenke
Pitcher,Der Krug,Die Kr�ge
Perspective,Die Perspektive,Die Perspektiven
Crop,Die Ernte,Die Ernte
Graduate,Der Diplom,Die Absolventen
Chorus,Der Chor,Die Ch�re
Survivor,Der �berlebende,Die �berlebenden
Payment,Die Bezahlung,Zahlungen
Bet,Die Wette,Die Wetten
Revenge,Die Rache,Die Rache
Plaza,Der Platz,Die Pl�tze
Elder,Der �ltere,Die �ltesten
Ginger,Der Ingwer,Die Ingwer
Surgeon,Der Chirurg,Die Chirurgen
Dash,Der Bindestrich,Die Striche
Sandal,Die Sandale,Die Sandalen
Hatred,Der Hass,Die Hass
Departure,Die Abfahrt,Die Abfahrten
Outline,Der Umriss,Die Umrisse
Raven,Der Rabe,Die Raben
Runner,Der L�ufer,Die L�ufer
Anticipation,Die Vorfreude,Die Erwartungen
Translation,Die �bersetzung,Die �bersetzungen
Headquarters,Das Hauptquartier,Die Headquarterses
Celebration,Feier,Die Feiern
Agony,Die Qual,Die Qualen
Sneakers,Die Turnschuhe,Die Sneakerses
Terminal,Das Terminal,Die Endger�te
Expectation,Die Erwartung,Die Erwartungen
Pasture,Die Weide,Die Weiden
Console,Die Konsole,Die Konsolen
Strike,Der Streik,Die Streiks
Rescue,Die Rettung,Die Rettungsaktionen
Badge,Das Abzeichen,Badges
Fund,Der Fonds,Die Mittel
Try,Der Versuch,Die Versuche
Foyer,Das Foyer,Die Foyeies
Pastor,Der Pastor,Die Pastoren
Embrace,Die Umarmung,Die Umarmungen
Puzzle,Das Puzzle,Die R�tsel
Canal,Der Kanal,Die Kan�le
Charity,Die Wohlfahrt,Die Wohlt�tigkeitsorganisationen
Principal,Der Direktor,Die Auftraggeber
Applause,Der Applaus,Die Beifall
Philosophy,Die Philosophie,Die Philosophien
Trench,Der Graben,Die Gr�ben
Up,Die Bis,Die H�hen
Nephew,Der Neffe,Die Neffen
Essay,Der Aufsatz,Die Aufs�tze
Repair,Die Reparatur,Die Reparaturen
Mix,Der Mix,Die Mixs
Mob,Der Mob,Die Mobs
Barrier,Die Barriere,Die Barrieren
Disk,Die Platte,Die Scheiben
Goodness,Die G�te,Die Goodnesses
Scout,Der Scout,Die Pfadfinder
Importance,Die Wichtigkeit,Die Wichtigkeiten
Destiny,Das Schicksal,Die Schicksale
Aid,Die Beihilfen,Die Beihilfen
Microphone,Das Mikrofon,Die Mikrofone
Label,Das Etikett,Die Etiketten
Pepper,Der Pfeffer,Die Paprika
Coyote,Der Kojote,Die Kojoten
Teaching,Das Lehren,Die Lehren
Burn,Der Brennvorgang,Die Verbrennungen
Vest,Die Weste,Die Westen
Pony,Das Pony,Die Ponys
Donkey,Der Esel,Die Esel
Cycle,Der Kreislauf,Die Zyklen
Gasp,Das Keuchen,Die Keuchen
Irony,Die Ironie,Die Ironien
Award,Die Auszeichnung,Die Auszeichnungen
Grape,Die Traube,Die Trauben
Hesitation,Das Z�gern,Die Bedenken
Tavern,Die Taverne,Die Tavernen
Chore,Die L�stige Pflicht,Die Hausarbeiten
Sphere,Die Kugel,Die Kugeln
Sail,Das Segel,Die Segel
Silhouette,Die Silhouette,Die Silhouetten
Institute,Das Institut,Die Institute
Liar,Der L�gner,Die L�gner
Technique,Die Technik,Die Techniken
Index,Der Index,Die Indexs
Plank,Das Brett,Die Bretter
Jerk,Der Ruck,Die Idioten
Growth,Das Wachstum,Die Wucherungen
Stocking,Der Strumpf,Die Str�mpfe
Blackness,Die Schw�rze,Die Schw�rzen
Teen,Der Teenager,Die Jugendlichen
Bracelet,Das Armband,Die Armb�nder
Jelly,Gelee,Die Gelees
Diet,Die Di�t,Die Di�ten
Beef,Das Fleisch,Die Beefs
Concrete,Der Beton,Die Betone
Contrast,Der Kontrast,Die Gegens�tze
Banner,Das Banner,Die Banner
Resistance,Der Widerstand,Die Widerst�nde
Stay,Der Aufenthalt,Die Aufenthalte
Posture,Die Haltung,Die Haltungen
Vodka,Der Wodka,Die Wodkas
Album,Das Album,Die Alben
Era,Die �ra,Die Epochen
Acquaintance,Die Bekanntschaft,Die Bekannten
Revolution,Die Revolution,Die Revolutionen
Nap,Der Nap,Die Noppen
Veil,Der Schleier,Die Schleier
Spectacle,Das Schauspiel,Die Brille
Competition,Der Wettbewerb,Die Wettbewerbe
Scalp,Die Kopfhaut,Die Kopfhaut
Holly,Die Stechpalme,The Hollies
Winner,Der Gewinner,Die Gewinner
Appetite,Der Appetit,Die Appetit
Ivy,Der Efeu,Die Efeu
Cue,Der Cue,Die Stichworte
Strain,Der Stamm,Die St�mme
Niece,Die Nichte,Die Nichten
Galaxy,Die Galaxie,Die Galaxien
Bedside,Die Nacht,Die Bettseiten
Madness,Die Verr�cktheit,Die Verr�cktheiten
Baker,Der B�cker,Die B�cker
Virus,Das Virus,Die Viren
Suffering,Das Leiden,Die Leiden
Slot,Der Schlitz,Die Schlitze
Folder,Der Ordner,Die Hefte
Confession,Das Bekenntnis,Die Gest�ndnisse
Porter,Der Gep�cktr�ger,Die Torh�ter
Dessert,Das Dessert,Die Desserts
Dump,Die M�llhalde,Die Deponien
Packet,Das Paket,Die Pakete
Profit,Der Gewinn,Die Gewinne
Grandchild,Der Enkel,Die Enkelkinder
Gossip,Der Tratsch,Der Klatsch
Mare,Die Stute,Die Stuten
Dna,Die Dna,Die Dnas
Torso,Der Rumpf,Die Torsi
Broom,Der Besen,Die Besen
Hoof,Der Huf,Die Hufe
Sensor,Der Sensor,Die Sensoren
Peasant,Der Bauer,Die Bauern
Scholar,Der Gelehrte,Die Gelehrten
Therapy,Die Therapie,Die Therapie
Peanut,Die Erdnuss,Die Erdn�sse
Headline,Die Schlagzeile,Schlagzeilen
Bacon,Der Speck,Die Speck
Stern,Das Heck,Die Hecks
Violin,Die Geige,Die Violinen
Plague,Die Pest,Die Plagen
Blur,Die Unsch�rfe,Die Unsch�rfen
Meantime,Die Zwischenzeit,Die Zwischenzeiten
Deacon,Der Diakon,Die Diakone
Lance,Die Lanze,Die Lanzen
Arrest,Die Festnahme,Die Verhaftungen
Banana,Die Banane,Die Bananen
Gin,Der Gin,Die Gins
Willow,Die Weide,Die Weiden
Shark,Der Hai,Die Haie
Preparation,Die Vorbereitung,Die Vorbereitungen
Scratch,Die Kratz,Die Kratzer
Dressing,Der Verband,Die Verb�nde
Signature,Die Unterschrift,Unterschriften
Admiral,Der Admiral,Die Admirale
Analysis,Die Analyse,Die Analysisies
Rainbow,Der Regenbogen,Die Regenbogen
Lizard,Die Eidechse,Die Eidechsen
Dwarf,Der Zwerg,Die Zwerge
Stress,Der Stress,Die Belastungen
Homework,Die Hausaufgabe,Die Hausaufgaben
Mixture,Die Mischung,Die Mischungen
Verse,Der Vers,Die Verse
Conviction,Die �berzeugung,Die �berzeugungen
Rover,Der Rover,Die Rover
Wren,Der Zaunk�nig,Die Zaunk�nige
Compound,Die Verbindung,Die Verbindungen
Expedition,Die Expedition,Die Expeditionen
Reward,Die Belohnung,Die Belohnungen
Pillar,Die S�ulen,Die S�ulen
Jam,Die Marmelade,Die Marmeladen
Brandy,Der Schnaps,Die Br�nde
Residence,Die Residenz,Die Residenzen
Baron,Der Baron,Die Barone
Enterprise,Das Unternehmen,Die Unternehmen
Complex,Der Komplex,Die Complexs
Candidate,Der Kandidat,Die Kandidaten
Triumph,Der Triumph,Die Triumphes
Twist,Die Wendung,Die Drehungen
Sketch,Die Skizze,Die Skizzen
Register,Das Register,Die Register
Heartbeat,Der Herzschlag,Die Herzschl�ge
Cafeteria,Die Cafeteria,Die Cafeterien
Fee,Die Geb�hr,Die Geb�hren
Hillside,Die Hang,Die H�nge
Maze,Das Labyrinth,Die Labyrinthe
Fisherman,Der Fischer,Das Fishermans
Hum,Das Brummen,Die Summt
Kitten,Das K�tzchen,Die K�tzchen
Dread,The Dread,Die Dreads
Substance,Die Substanz,Die Substanzen
Melody,Die Melodie,Die Melodien
Bang,Der Knall,Der Pony
Dagger,Der Dolch,Die Dolche
Intent,Die Absicht,Die Absichten
Con,Das Con,Die Nachteile
Loneliness,Die Einsamkeit,Die Einsamkeiten
Motorcycle,Das Motorrad,Die Motorr�der
Amazement,Das Staunen,Die Amazements
Peer,Die Peer,Die Peers
Tech,Die Tech,Die Teches
Insult,Die Beleidigung,Die Beleidigungen
Capacity,Die Kapazit�t,Die Kapazit�t
Awe,Die Ehrfurcht,Die Awes
Chili,Die Chili,Die Chilis
Lodge,Die Lodge,Die Logen
Clip,Der Clip,Die Clips
Limo,Die Limousine,Die Limousinen
Mosquito,Die M�cke,Die M�cken
Dice,Der W�rfel,Die W�rfel
Shake,Der Shake,Die Shakes
Feast,Das Festmahl,Die Feste
Casino,Das Casino,Die Casinos
Pea,Die Erbse,Die Erbsen
Murmur,Das Murmeln,Das Murmeln
Conflict,Der Konflikt,Die Konflikte
Stem,Der Stamm,Die Stiele
Comrade,Der Genosse,Die Genossen
Flock,Die Herde,Die Herden
Sob,Sob,Das Schluchzen
Pregnancy,Die Schwangerschaft,Schwangerschaften
Suspect,Der Verd�chtige,Die Verd�chtigen
Coincidence,Das Zusammentreffen,Die Zuf�lle
Ranger,Der Waldl�ufer,Die Ranger
Cartoon,Die Karikatur,Die Karikaturen
Roommate,Der Mitbewohner,Die Mitbewohner
Kindness,Die Freundlichkeit,Die Freundlichkeiten
Cruiser,Der Kreuzer,Die Kreuzer
Slab,Die Bramme,Die Brammen
Conscience,Das Gewissen,Das Gewissen
Cheer,Die Cheer,Der Jubel
Cone,Der Konus,Die Kegel
Circuit,Die Schaltung,Die Schaltkreise
Ivory,Das Elfenbein,Die Elfenbeinarbeiten
Carpenter,Der Zimmermann,Die Zimmerleute
Realm,Das Reich,Die Reiche
Bum,Der Penner,Die Bums
Donna,Die Donna,The Donnas
Reservation,Die Reservierung,Reservierungen
Entertainment,Die Unterhaltung,Die Unterhaltungen
Crab,Die Krabbe,Die Krabben
Groan,Das St�hnen,Das St�hnen
Academy,Die Akademie,Die Akademien
Longing,Die Sehnsucht,Die Sehns�chte
Kip,Die Kip,Die Kips
Drill,Der Bohrer,Die Bohrer
Luggage,Das Gep�ck,Die Den Gep�ck
Canopy,Der Baldachin,Die Baldachine
Thrill,Der Nervenkitzel,Den Nervenkitzel
Virtue,Die Tugend,Die Tugenden
Marsh,Der Sumpf,Die S�mpfe
Chimney,Der Schornstein,Die Schornsteine
Anchor,Die Anker,Die Anker
Harmony,Die Harmonie,Die Harmonien
Maple,Das Ahorn,Die Ahorne
Bunny,Das Kaninchen,Die Hasen
Mode,Der Modus,Die Modi
Throne,Der Thron,Die Throne
Application,Der Antrag,Anwendungen
Physics,Die Physik,Die Physicsies
Neon,Das Neon,Die Neons
Airlock,Die Luftschleuse,Die Luftschleusen
Fatigue,Die Erm�dungs,Die Strapazen
Thanksgiving,Die Danksagung,Die Danksagungen
Manuscript,Das Manuskript,Die Handschriften
Basis,Die Basis,Die Basises
Memorial,Das Denkmal,Gedenkst�tten
Cupboard,Der Schrank,Die Schr�nke
Leap,Der Sprung,Die Spr�nge
Japanese,Die Japaner,Die Japaneses
Engineering,Das Engineering,Die Engineerings
Left,Die Linke,Die Linke
Ache,Der Schmerz,Die Schmerzen
Bronze,Die Bronze,Die Bronzen
Association,Die Assoziation,Die Verb�nde
Fleet,Die Flotte,Die Flotten
Marker,Der Marker,Die Marker
Prey,Die Beute,Die Beute
Dove,Die Taube,Die Tauben
Grasp,Der Griff,Die Griffe
Episode,Die Episode,Die Episoden
Origin,Der Ursprung,Die Urspr�nge
Vacuum,Das Vakuum,Die Staubsauger
Cathedral,Die Kathedrale,Die Kathedralen
Management,Das Management,Die Unternehmensleitungen
Down,Die Nach Unten,Die Tiefen
Continent,Der Kontinent,Die Kontinente
Dickens,Zum Teufel,Die Dickenses
Volunteer,Die Freiwillige,Die Freiwilligen
Soccer,Fu�ball,Die Soccers
Hem,Der Saum,Die S�ume
Mention,Die Erw�hnung,Nennungen
Lust,Die Lust,Die Begierden
Giggle,Die Kichern,Das Kichern
Classmate,Die Klassenkameraden,Die Klassenkameraden
Cleaning,Die Reinigung,Die Reinigungen
Receptionist,Der Rezeptionist,An Der Rezeption
Caller,Der Anrufer,Die Anrufer
Pursuit,Das Streben,Die Besch�ftigungen
Contempt,Die Verachtung,Die Geringsch�tzungen
Sacrifice,Das Opfer,Die Opfer
Grandparent,Die Gro�eltern,Die Gro�eltern
Threshold,Der Grenzbereich,Die Schwellen
Deed,Die Tat,Die Taten
Countryside,Die Landschaft,Die Landschaften
Artifact,Das Artefakt,Die Artefakte
Wrinkle,Die Falten,Die Falten
Magician,Der Magier,Die Zauberer
Pang,Der Stich,Die Stiche
Italian,Die Italienische,Die Italiener
Eternity,Die Ewigkeit,Die Ewigkeit
Slate,Der Schiefer,Die Schiefertafeln
Stairwell,Das Treppenhaus,Die Treppenh�user
Announcement,Die Ank�ndigung,Die Ank�ndigungen
Motive,Das Motiv,Die Motive
Mechanic,Der Mechaniker,Die Mechanik
Ally,Der Verb�ndete,Alliierten
Vase,Die Vase,Die Vasen
Salesman,Der Verk�ufer,Die Salesmans
Therapist,Der Therapeut,Die Therapeuten
Granny,Die Oma,Die Omas
Maverick,Der Au�enseiter,Die Mavericks
Bandage,Die Bandage,Die Bandagen
Ham,Der Schinken,Die Schinken
Carter,Der Fuhrmann,Die Fuhr
Investment,Die Investition,Die Investitionen
Appeal,Die Beschwerde,Die Rechtsmittel
Innocence,Die Unschuld,Die Innocences
Calendar,Der Kalender,Die Kalender
Rooftop,Die Dach,Die D�cher
Combat,Der Kampf,Die K�mpfe
Revelation,Die Offenbarung,Die Enth�llungen
Pancake,Der Pfannkuchen,Die Pfannkuchen
Asteroid,Der Asteroid,Die Asteroiden
Postcard,Die Postkarte,Die Postkarten
Garment,Das Kleidungsst�ck,Die Kleidungsst�cke
Determination,Die Bestimmung,Die Bestimmungen
Tractor,Der Traktor,Die Traktoren
Berry,Die Beere,Die Beeren
Surroundings,Die Umgebung,Die Surroundingses
Clump,Der Klumpen,Die Klumpen
Offense,Die Straftat,Die Straftaten
Introduction,Die Einleitung,Die Einleitungen
Butler,Der Butler,The Butlers
Cough,Der Husten,Die Coughes
Granite,Der Granit,Die Granite
Ambassador,Der Botschafter,Die Botschafter
Turning,Der Wende,Die Sp�ne
Sitting,Die Sitzung,Die Sitzungen
Compliment,Das Kompliment,Die Komplimente
Carton,Der Karton,Die Schachteln
Doorbell,Die T�rklingel,Die T�rklingeln
Certainty,Die Gewissheit,Die Gewissheiten
Politician,Der Politiker,Die Politiker
Gratitude,Die Dankbarkeit,Die Danksagungen
Current,Die Jetzige,Die Str�me
Gloom,Das Dunkel,Die D�sterkeit
Plaster,Der Putz,Die Pflaster
Settlement,Die Siedlung,Die Siedlungen
Chop,Die Chop,Die Koteletts
Homicide,Die Mordkommission,Die T�tungsdelikte
Aluminum,Die Aluminium,Die Aluminums
Boulevard,Der Boulevard,Die Boulevards
Pupil,Der Sch�ler,Die Sch�lerinnen Und Sch�ler
Float,Der Schwimmer,Die Schwimmer
Profession,Der Beruf,Berufe
Retreat,Der R�ckzug,Die Exerzitien
Intersection,Der Schnittpunkt,Die Schnittpunkte
Scheme,Die Regelung,Die Systeme
Emptiness,Die Leere,Die Emptinesses
Publisher,Der Verlag,Die Verleger
Circus,Der Zirkus,Die Zirkusse
Dimension,Die Abmessung,Die Dimensionen
Zoo,Der Tierpark,Die Zoos
Sickness,Die Krankheit,Die Krankheiten
Messenger,Der Bote,Die Boten
Beau,Das Beau,Die Beaus
Tangle,Das Gewirr,Die Tangles
Personnel,Das Personal,Die Personnels
Strategy,Die Strategie,Die Strategien
Desperation,Die Verzweiflung,Die Verzweiflungen
Businessman,Der Gesch�ftsmann,Die Business
Pod,The Pod,Die Schoten
Drain,Der Abfluss,Die Drain
Strawberry,Die Erdbeere,Die Erdbeeren
Anniversary,Der Jahrestag,Die Jahrestage
Binoculars,Das Fernglas,Die Binocularses
Gulf,Die Kluft,Die Buchten
Discipline,Die Disziplin,Die Disziplinen
Hedge,Die Hecke,Die Hecken
Moan,Das St�hnen,Das St�hnen
Income,Das Einkommen,Die Einkommen
Myth,Der Mythos,Die Mythen
Shutter,Der Verschluss,Die Fensterl�den
Raft,Das Flo�,Die Fl��e
Physician,Der Arzt,Die �rzte
Ambition,Der Ehrgeiz,Die Ambitionen
Camel,Das Kamel,Die Kamele
Beating,Das Schlagen,Die Schl�ge
Acid,Die S�ure,Die S�uren
Cereal,M�sli,Getreide
Basin,Das Becken,Die Becken
Nightgown,Das Nachthemd,Die Nachthemden
Internet,Das Internet,Die Internets
Cockpit,Das Cockpit,Die Cockpits
Wreck,Das Wrack,Die Wracks
Wig,Die Per�cke,Die Per�cken
Rein,Darin,Die Z�gel
Recorder,Der Recorder,Die Rekorder
Pork,Das Schweinefleisch,Die Porks
Hound,Der Hund,Die Hunde
Boundary,Die Grenze,Die Grenzen
Exam,Die Pr�fung,Die Pr�fungen
Courtesy,Die H�flichkeit,Die H�flichkeiten
Assistance,Die Hilfe,Die Unterst�tzungen
Cheekbone,Die Wangenknochen,Die Wangenknochen
Whip,Die Peitsche,Die Peitschen
Pilgrim,Der Pilger,Die Pilger
Grease,Das Fett,Die Fette
Collapse,Der Kollaps,Die Zusammenbr�che
Faculty,Die Fakult�t,Die Fakult�ten
Reminder,Die Erinnerung,Die Erinnerungen
Sage,Der Weise,Die Weisen
Asphalt,Der Asphalt,Die Asphalte
Privilege,Das Privileg,Die Privilegien
Stairway,Das Treppenhaus,Die Treppen
Maintenance,Die Wartung,Die Wartungen
Sweetie,Die S��e,Die S��igkeiten
Orchard,Der Obstgarten,Die Obstg�rten
Cot,Das Kinderbett,Die Kinderbetten
Pouch,Der Beutel,Die Taschen
Lighter,Das Feuerzeug,Die Feuerzeuge
Kitty,Die Katze,Die K�tzchen
Formation,Die Formation,Die Formationen
Snack,Die Snack,Die Snacks
Talking,Das Reden,Die Gespr�chen
Op,Die Op,Die Ops
Shriek,Der Schrei,Die Schreie
Sculpture,Die Skulptur,Die Skulpturen
Chairman,Der Vorsitzende,Die Chair
Sum,Die Summe,Die Summen
Carrot,Die Karotte,Die Karotten
Ripple,Die Welligkeit,Die Wellen
Stripe,Der Streifen,Die Streifen
Cavern,Die H�hle,Die H�hlen
Radar,Die Radar,Die Radare
Ponytail,Der Pferdeschwanz,Die Pferdeschw�nze
Designer,Der Designer,Die Designer
Surge,Die Sto�,Die �berspannungen
Heir,Der Erbe,Die Erben
Vault,Der Bunker,Die Gew�lbe
Sissy,Die Sissy,Die Weicheier
Scotch,Die Schotten,Die Bremsschuhe
Stillness,Die Stille,Die Stillnesses
Tunic,Die Tunika,Die Tuniken
Think,Der Think,Das Denkt
Penis,Der Penis,Die Penisse
Native,Der Einheimische,Die Eingeborenen
Lovemaking,Das Liebesspiel,Die Lovemakings
Aide,Der Adjutant,Die Helfer
Bulk,Der Gro�teil,Die Massen
Poker,Die Poker,Die Poker
Lime,Der Kalk,Der Limes
Surveillance,Das �berwachungs,Die Anwendungsbeobachtungen
Assembly,Die Versammlung,Die Baugruppen
Grandson,Der Enkel,Die Enkel
Chopper,Der Chopper,Die Zerhacker
Carrier,Der Tr�ger,Die Tr�ger
Engagement,Die Verlobung,Die Engagements
Kin,Das Kin,Die Kins
Mum,Die Mama,Die M�tter
Lighting,Die Beleuchtung,Die Beleuchtung
Fit,Die Passform,Die Anf�lle
Pull,Die Pull,Die Zieht
Verge,The Verge,Die Seitenstreifen
Farmhouse,Das Bauernhaus,Die Bauernh�user
Wait,Das Warten,Die Wartezeiten
Assassin,Der Attent�ter,Die Attent�ter
Foam,Der Schaum,Die Sch�ume
Tug,Der Schlepper,Die Schlepper
Journalist,Der Journalist,Die Journalisten
Recording,Die Aufnahme,Die Aufnahmen
Cure,Die Heilung,Die Heilungen
Descent,Der Abstieg,Die Abfahrten
Ringing,Das Klingeln,Die Ringings
Scissors,Die Schere,Die Scissorses
Twig,Der Zweig,Die Zweige
Resort,Der Urlaubsort,Die Ferienorte
Guardian,Der Besch�tzer,Die W�chter
Opponent,Der Gegner,Die Gegner
Chef,Der K�chenchef,Die K�che
Wheat,Der Weizen,Die Weizen
Hurricane,Der Hurrikan,Die Hurrikane
Playground,Der Spielplatz,Die Spielpl�tze
Mushroom,Der Pilz,Die Pilze
Keyboard,Die Tastatur,Die Keyboaries
Cedar,Die Zeder,Die Zedern
Crest,Das Wappen,Die K�mme
Jasmine,Der Jasmin,Die Jasmin
Armchair,Der Sessel,Die Sessel
Attraction,Die Attraktion,Attraktionen
Blind,Blinde,Die Blinds
Cylinder,Zylinder,Die Zylinder
Swallow,Die Schwalbe,Die Schwalben
Celebrity,Die Ber�hmtheit,Die Prominenten
Wilderness,Die Wildnis,Die Wildnis
Triangle,Das Dreieck,Die Dreiecke
Stench,Der Gestank,Die Gestank
Laboratory,Das Labor,Die Laboratorien
Array,Das Array,Die Arraies
Valentine,The Valentine,Die Valentines
Retirement,Das Renten,Die Pensionierungen
Ski,Der Ski,Die Skier
Edition,Die Ausgabe,Die Ausgaben
Supervisor,Der Supervisor,Die Aufsichtsbeh�rden
Expanse,Die Weite,Die Weiten
Ending,Das Ende,Die Endungen
Moss,Das Moos,Die Moose
Gale,Der Sturm,Die St�rme
Loyalty,Die Treue,Die Loyalit�ten
Lavender,Der Lavendel,Die Lavendel
Pardon,Die Begnadigung,Die Begnadigungen
Ashtray,Der Aschenbecher,Die Aschenbecher
Shard,Die Scherbe,Die Scherben
Corporation,Das Unternehmen,Die Konzerne
Distraction,Die Ablenkung,Die Ablenkungen
Majesty,Die Majest�t,Die Majest�ten
Pyramid,Die Pyramide,Die Pyramiden
Fame,Der Ruhm,Die Fames
Graduation,Der Schulabschluss,Die Unterteilungen
Distress,Die Not,Die N�te
Mage,Der Magier,Die Magier
Independence,Die Unabh�ngigkeit,Die Unabh�ngigkeiten
Crush,Der Schwarm,Die Zermalmt
Chuckle,Das Lachen,Die Kichert
Dime,Die Dime,Die Dimes
Aim,Das Ziel,Die Ziele
Gust,Die B�en,Die B�en
Russian,Der Russe,Die Russen
Treat,Der Festlichkeit,Die Leckereien
Foreigner,Der Ausl�nder,Die Ausl�nder
Salary,Das Gehalt,Die Geh�lter
Scope,Der Anwendungsbereich,Die Bereiche
Rebel,Der Rebell,Die Rebellen
Thug,Der Schl�ger,Die Schl�ger
Tomb,Das Grab,Die Gr�ber
Fridge,Der K�hlschrank,Die K�hlschr�nke
Socket,Die Steckdose,Die Buchsen
Dose,Die Dosis,Die Dosen
Election,Die Wahl,Die Wahlen
Refugee,Der Fl�chtling,Die Fl�chtlinge
Phase,Die Phase,Die Phasen
Pumpkin,Der K�rbis,Die K�rbisse
Thorn,Der Dorn,Die Dornen
Hide,Die Haut,Die H�ute
Sausage,Die Wurst,Die W�rste
Dig,Die Dig,Die Ausgrabungen
Tan,Der Tan,Die Br�unt
Loan,Das Darlehen,Die Kredite
Spike,Der Dorn,Die Spikes
Crumb,Die Krume,Die Kr�mel
Wax,Das Wachs,Waxs
Growl,Das Knurren,Die Growls
Rental,Die Vermietung,Vermietungen
Feed,Das Futter,Die Zuf�hrungen
Escort,Die Eskorte,Die Begleitpersonen
Astonishment,Das Erstaunen,Die Erstaunlichkeiten
Flora,Die Flora,Die Floren
Festival,Das Fest,Die Feste
Debate,Die Debatte,Die Debatten
Critic,Der Kritiker,Die Kritiker
Cast,Die Besetzung,Die Modelle
Bloom,Die Bl�te,Die Bl�ten
Loft,Das Loft,Die Dachb�den
Commission,Die Kommission,Die Kommissionen
Flicker,Das Flimmern,Die Flackert
Economy,Die Wirtschaft,Die Volkswirtschaften
Radiation,Die Strahlung,Die Strahlungen
Bodyguard,Der Leibw�chter,Die Bodyguaries
Realization,Die Umsetzung,Die Erkenntnisse
Crater,Der Krater,Die Krater
Voyage,Die Reise,Die Reisen
Congress,Das Kongress,Die Kongresse
Vote,Die Wahl,Die Stimmen
Proposal,Der Antrag,Vorschl�ge
Fry,Der Braten,Die Pommes
Shiver,Das Zittern,G�nsehaut
Obligation,Die Verpflichtung,Verpflichtungen
Loser,Der Verlierer,Die Verlierer
Instructor,Der Lehrer,Die Ausbilder
Wink,Die Zuzwinkern,Die Zwinkert
Pebble,Die Kies,Die Kieselsteine
Necessity,Die Notwendigkeit,Die Notwendigkeiten
Workshop,Der Workshop,Die Workshops
Sunrise,Der Sonnenaufgang,Die Sonnenaufgang
Exhaustion,Die Ersch�pfung,Die Ersch�pfungs
Cubicle,Die Zelle,Die Schr�nke
Double,Der Doppelg�nger,Die Doppelg�nger
Perimeter,Der Umfang,Die Umf�nge
Comb,Der Kamm,Die K�mme
Finish,Das Ende,Die Oberfl�chen
Purchase,Der Kauf,Die K�ufe
Interval,Das Intervall,Die Intervalle
Splash,Der Spritz,Die Spritzer
Convention,Die Konvention,Die Konventionen
Awareness,Das Bewusstsein,Die Gewahrsein
Pose,Die Pose,Die Posen
Cradle,Die Wiege,Die Wiegen
Ram,Der St��el,Die Widder
Gentry,Der Adel,Die Gentries
Seam,Die Naht,Die N�hte
Associate,Das Assoziierte Unternehmen,Die Mitarbeiter
Pane,Die Scheibe,Die Scheiben
Punk,Der Punk,Die Punks
Remnant,Der �berrest,Die Reste
Cracker,Der Cracker,Die Cracker
Bluff,Der Bluff,Die Klippen
Dune,Die D�ne,Die D�nen
Dentist,Der Zahnarzt,Die Zahn�rzte
Refuge,Die Zuflucht,Die Schutzh�tten
Satin,Die Satin,Die Satins
Spread,Die Verbreitung,Die Spreads
Entity,Das Unternehmen,Die Entit�ten
Mailbox,Das Postfach,Die Mailboxs
Annoyance,Der �rger,Die �rgernisse
Hiss,Das Zischen,Die Zischt
Local,Das Lokal,Die Einheimischen
Thud,Der Bums,Die Schl�ge
Dismay,Die Best�rzung,Die Best�rzt
Flour,Das Mehl,Die Mehle
Freak,Der Freak,Die Freaks
Haircut,Der Haarschnitt,Die Abschl�ge
Sweet,Die S��e,Die S��igkeiten
Orphan,Die Waise,Die Waisen
Chess,Das Schach,Die Chesses
Petal,Die Bl�tenblatt,Die Bl�tenbl�tter
Paperwork,Die Schreibarbeit,Die Papierarbeiten
Psychiatrist,Der Psychiater,Die Psychiater
Singing,Der Gesang,Die Ges�nge
Interrupt,Das Interrupt,Die Interrupts
Examination,Die Untersuchung,Untersuchungen
Admiration,Die Bewunderung,Die Bewunderung
Freezer,Das Gefrier,Die Gefrierger�te
Illustration,Die Illustration,Abbildungen
Stew,Der Eintopf,Die Eint�pfe
Investigator,Der Ermittler,Die Ermittler
Suburb,Der Vorort,Der Stadtrand
Biscuit,Der Keks,Die Kekse
Holster,Das Holster,Die Holster
Factor,Der Faktor,Die Faktoren
Intimacy,Die Intimit�t,Die Intimit�ten
Lash,Die Peitsche,Die Wimpern
Saving,Die Einsparung,Die Einsparungen
Software,Die Software,Die Software
Hen,Die Henne,Die Hennen
Birch,Die Birke,Die Birken
Inquiry,Die Untersuchung,Die Anfragen
Nursery,Der Kindergarten,Die Baumschulen
Transport,Der Transport,Die Transporte
Extent,Das Ausma�,Die Ausdehnungen
Definition,Die Definition,Die Definitionen
Monument,Das Monument,Die Denkm�ler
Plum,Die Pflaume,Die Pflaumen
Void,Das Nichts,Die Hohlr�ume
Delay,Die Verz�gerung,Die Verz�gerungen
Inspection,Die Inspektion,Die Inspektionen
Essence,Die Essenz,Die Essenzen
Cannon,Die Kanone,Die Kanonen
Fringe,Die Fransen,Die Fransen
Stereo,Die Stereo,Die Stereoanlagen
Fella,Die Fella,Fellas
Praise,Das Lob,Das Lob
Penguin,Der Pinguin,Die Pinguine
Torture,Die Folter,Die Qualen
Stamp,Die Briefmarke,Die Briefmarken
Particle,Die Partikel,Die Teilchen
Translator,Der �bersetzer,Die �bersetzer
Easter,Ostern,Die Easters
Freeze,Das Einfrieren,Die Friert
Pew,Die Pew,Die B�nke
Wad,Der Pfropfen,Die B�ndel
Panties,Das H�schen,Die Pantieses
Consideration,Die Gegenleistung,�berlegungen
Spit,Der Spie�,Die Spie�e
Cooler,Der K�hler,Die K�hler
Grill,Der Grill,Die Grills
Jug,Der Krug,Die Kr�ge
Nickname,Der Spitzname,Die Spitznamen
Revolver,Der Revolver,Die Revolver
Machinery,Die Maschinen,Die Maschinen
Madam,Die Damen Und Herren,Die Herren
Pike,Der Hecht,Pikes
Terrorist,Der Terrorist,Die Terroristen
Laptop,Der Laptop,Die Laptops
Offering,Das Angebot,Das Angebot
Beak,Der Schnabel,Die Schn�bel
Institution,Die Institution,Die Institutionen
Comparison,Der Vergleich,Vergleiche
Maker,Der Macher,Die Macher
Insight,Die Einsicht,Die Erkenntnisse
Sibling,Die Geschwister,Die Geschwister
Wardrobe,Der Kleiderschrank,Die Schr�nke
Flap,Die Klappe,Die Klappen
Sole,Der Einzige,Die Sohlen
Compassion,Das Mitgef�hl,Die Barmherzigkeit
Ego,Das Ego,Die Egos
Antenna,Die Antennen,Die Antennen
Cricket,Die Grille,Die Grillen
Troll,Der Troll,Die Trolle
Bookstore,Der B�cherladen,Die Buchhandlungen
Coming,Die Ankunft,Das Kommen
Objection,Der Einwand,Die Einw�nde
Holder,Der Halter,Die Inhaber
Backseat,R�cksitz,Die R�cksitze
Ignorance,Die Unwissenheit,Die Unwissenheit
Budget,Das Budget,Die Budgets
Aircraft,Das Flugzeug,Die Flugzeuge
Corps,Das Korps,Die Leichen
Loaf,Das Brot,Die Laibe
Extension,Die Erweiterung,Die Verl�ngerungen
Freeway,Die Autobahn,Die Autobahnen
Solitude,Die Einsamkeit,Die Einsamkeit
Chemical,Die Chemische,Chemikalien
Villager,Der Dorfbewohner,Die Dorfbewohner
Perfection,Die Perfektion,Die Vollkommen
Pope,Der Papst,Die P�pste
Semester,Das Semester,Die Semester
Liver,Die Leber,Die Lebern
Saucer,Die Untertasse,Die Untertassen
Urgency,Die Dringlichkeit,Die Dringlichkeiten
Volcano,Der Vulkan,Die Vulkane
Spice,Die W�rze,Die Gew�rze
Hostage,Die Geisel,Die Geiseln
Choir,Der Chor,Die Ch�re
Dough,Der Teig,Die Teigrunder
Commotion,Die Aufregung,Die Unruhen
Courthouse,Gerichtsgeb�ude,Die Gerichtsgeb�uden
Salmon,Der Lachs,Die Lachse
Boxer,Der Boxer,Die Boxer
Errand,Die Besorgung,Die Besorgungen
Mechanism,Wobei Der Mechanismus,Die Mechanismen
Telescope,Das Teleskop,Die Teleskope
Ferry,Die F�hre,Die F�hren
Nigger,Der Nigger,Die Nigger
PasserBy,Der Passant,Die Passanten
Irritation,Die Reizung,Die Irritationen
Sedan,Die Limousine,Die Limousinen
Commitment,Das Engagement,Verpflichtungen
Coward,Der Feigling,Die Feiglinge
Git,Die Git,Die Gits
Flare,Die Fackel,Die Fackeln
Howl,Das Heulen,Das Heulen
Fang,Die Fang,Die Rei�z�hne
Roman,Die R�misch,Die R�mer
Hue,Der Farbton,Die Farbt�ne
Discomfort,Das Unbehagen,Die Unannehmlichkeiten
Vent,Das Entl�ftungs,Die L�ftungsschlitze
Canoe,Das Kanu,Die Kanus
Recipe,Das Rezept,Die Rezepte
Hamburger,Der Hamburger,Die Hamburger
Eave,Die Traufe,Die Traufe
Barber,Der Barbier,Die Barbiere
Passing,Das Ableben,Die Passings
Betrayal,Der Verrat,Der Verrat
Sweatshirt,Das Sweatshirt,Die Sweatshirts
Tentacle,Die Tentakel,Die Tentakeln
Surf,Die Brandung,Die Brandungen
Plaid,Das Plaid,Die Plaids
Walkway,Der Gehweg,Die Gehwege
Limp,Das Hinken,Die Hinkt
Administration,Die Verwaltung,Die Verwaltungen
Convenience,Die Bequemlichkeit,Bequemlichkeiten
Diaper,Die Windel,Die Windeln
Mole,Der Maulwurf,Die Maulw�rfe
Cleaner,Der Reiniger,Die Reinigungskr�fte
Swell,Die D�nung,Die Schwillt
GrownUp,Der Erwachsene,Die Erwachsenen
Scan,Die Scan,Die Abtastungen
Clarity,Die Klarheit,Die Klarheiten
Salon,Der Salon,Die Salons
Producer,Der Produzent,Die Hersteller
Flying,Die Flug,Die Flusen
Plea,Der Rechtsmittelgrund,Die Rechtsmittelgr�nde
Prairie,Die Pr�rie,Die Pr�rien
Passport,Der Pass,Die P�sse
Alternative,Die Alternative,Alternativen
Vanity,Die Eitelkeit,Die Eitelkeiten
Dam,Der Damm,Die D�mme
Abuse,Der Missbrauch,Die Missbr�uche
Olive,Die Olive,Die Oliven
Miner,Der Bergmann,Die Bergleute
Reserve,Die Reserve,Die Reserven
Backup,Die Sicherungs,Die Sicherungen
Intercom,Die Gegensprechanlage,Die Gegensprechanlagen
Shawl,Das Tuch,Die Schals
Platter,Der Plattenteller,Die Platten
Implication,Die Implikation,Die Auswirkungen
Rumble,Das Poltern,Die Rumpelt
Announcer,Der Ansager,Die Ansager
Rubble,Die Tr�mmer,Die Tr�mmern
Axe,Die Axt,Die Achsen
Transmission,Die �bertragungs,Die �bertragungen
Crib,Die Krippe,Die Krippen
Hop,Die Sprung,Der Hopfen
Graveyard,Der Friedhof,Die Friedh�fe
Aroma,Das Aroma,Die Aromen
Dialogue,Der Dialog,Die Dialoge
Roller,Die Walze,Die Rollen
Congregation,Gemeinde,Die Gemeinden
Terrain,Das Gel�nde,Die Terrains
Transfer,Der Transfer,Die Transfers
Hardware,Die Hardware,Die Hardwares
Generator,Der Generator,Die Generatoren
Luxury,Die Luxus,Der Luxus
Auditorium,Das Auditorium,Die Auditorien
Goblin,Der Kobold,Die Goblins
Peg,Der Zapfen,Die Zapfen
Defeat,Die Niederlage,Die Niederlagen
Haven,The Haven,Die Oasen
Specimen,Die Probe,Die Proben
Hearth,Der Herd,Die Feuerstellen
Admission,Die Zulassung,Die Zulassungs
Obsession,Die Besessenheit,Die Obsessionen
Launch,Der Start,Die Starts
Patsy,Die Patsy,Die S�ndenb�cke
Dorm,Das Wohnheim,Die Schlafs�le
Glen,The Glen,Die T�ler
Saw,Die S�ge,Die S�gen
Til,Die Til,Die Tils
Ape,Der Affe,Die Affen
Stagger,Der Staffelungs,Die Wankt
Pussy,Die Fotze,Die Fotzen
Collector,Der Sammler,Die Kollektoren
Earthquake,Das Erdbeben,Die Erdbeben
Flake,Die Flocke,Die Flocken
Syllable,Die Silbe,Die Silben
Bouquet,Das Bouquet,Die Blumenstr�u�e
Selection,Die Auswahl,Die Selektionen
Vow,Der Schwur,Die Gel�bde
Granddaughter,Die Enkelin,Die Enkel
Symptom,Das Symptom,Die Symptome
Scenario,Das Szenario,Die Szenarien
Riot,Der Aufruhr,Die Unruhen
Timing,Das Timing,Die Zeitpunkte
Burger,Der Burger,Die Burger
Plus,Die Plus,Die Pluspunkte
Sparrow,Der Spatz,Die Spatzen
Embassy,Die Botschaft,Die Botschaften
Podium,Das Podium,Die Podestpl�tze
Accusation,Der Vorwurf,Die Vorw�rfe
Manor,Das Herrenhaus,Die Herrenh�user
Shuffling,Das Schlurfen,Die Shufflings
Dolphin,Der Delfin,Die Delphine
Kettle,Der Wasserkocher,Die Kessel
Trooper,Der Soldat,Die Soldaten
Salvation,Die Rettung,Die Rettungen
Vet,Der Tierarzt,Die Tier�rzte
Runway,Die Landebahn,Die Start Und Landebahnen
Poppy,Der Mohn,Der Mohn
Upstairs,Im Obergeschoss,Die Upstairses
Lava,Die Lava,Die Laven
Inspiration,Die Inspiration,Die Inspirationen
Bosom,Der Busen,Die Busen
Intruder,Der Eindringling,Die Eindringlinge
Supermarket,Der Supermarkt,Die Superm�rkte
Trophy,Der Pokal,Die Troph�en
Jealousy,Die Eifersucht,Die Eifersucht
Warden,Der Aufseher,Des Direktors
Passageway,Der Durchgang,Die Durchg�nge
Marina,Der Yachthafen,Die Jachth�fen
Farewell,Das Lebewohl,Die Abschiede
Belongings,Die Gegenst�nde,Der Zugeh�rigkeit
Procession,Die Prozession,Die Prozessionen
Astronaut,Der Astronaut,Die Astronauten
Crotch,Der Schritt,Die Gabelungen
Sweep,Die Sweep,Die Sweeps
Recovery,Die Erholung,Die Wiederfindungen
Harness,Der Kabelbaum,Die Kabelb�ume
Anguish,Die Angst,Die �ngste
Logo,Das Logo,Die Logos
Litter,Der Wurf,Die W�rfe
Marine,Die Marine,Die Marines
Resentment,Der Groll,Die Ressentiments
CoOp,Der CoOp,Die Genossenschaften
Drake,The Drake,Die Drachen
Gypsy,Der Zigeuner,Die Zigeuner
Imitation,Die Nachahmung,Die Imitationen
Employer,Der Arbeitgeber,Arbeitgeber
Freshman,Der Neuling,Die Freshmans
Phenomenon,Das Ph�nomen,Die Ph�nomene
Flute,Die Fl�te,Die Fl�ten
Greek,Der Grieche,Die Griechen
Condo,Die Wohnung,Die Eigentumswohnungen
Forefinger,Der Zeigefinger,Die Zeigefingern
Burial,Das Begr�bnis,Die Bestattungen
Republic,Die Republik,Die Republiken
Emerald,Der Smaragd,Die Smaragde
Bathrobe,Der Bademantel,Die Badem�ntel
Testimony,Das Zeugnis,Die Zeugenaussagen
Hinge,Das Scharnier,Die Scharniere
Bakery,Die B�ckerei,Die B�ckereien
Context,Der Kontext,Die Kontexte
Bargain,Das Schn�ppchen,Die Schn�ppchen
Saying,Das Sprichwort,Die Spr�che
Foreman,Der Vorarbeiter,Die Foremans
Swan,Der Schwan,Die Schw�ne
Flannel,Die Flanell,Die Waschlappen
Indication,Die Angabe,Die Indikationen
Significance,Die Signifikanz,Die Bedeutungen
Beetle,Der K�fer,Die K�fer
Learning,Die Lern,Die Erkenntnisse
Pub,Das Lokal,Die Pubs
Fraction,Die Fraktion,Die Fraktionen
Trout,Die Forelle,Die Forellen
Crust,Die Kruste,Die Krusten
Overcoat,Die �berzugs,Die M�ntel
Glint,Das Glitzern,Die Reflexen
Medal,Die Medaille,Die Medaillen
Perception,Die Wahrnehmung,Die Wahrnehmungen
Welcome,Das Willkommen,Die Willkommen
Dictionary,Das W�rterbuch,Die W�rterb�cher
Metaphor,Die Metapher,Die Metaphern
Poverty,Die Armut,Die Poverties
Main,Die Haupt,Die Netz
Climb,Der Anstieg,Die Anstiege
Leash,Die Leine,Die Leinen
